Raag Name,URL,Time,Aaroh,Avroh,S,r,R,g,G,m,M,P,d,D,n,N
Abheri,https://raagtime.com/ragas/abheri,'09-12,S - g - m - P - n - S',S' - n - d - P - m - g - R - S,True,False,True,True,False,True,False,True,True,False,True,False
Abhogi,https://raagtime.com/ragas/abhogi,'21-24,S - R - g - m - D - S',S' - D - m - g - D - g - m - R - S,True,False,True,True,False,True,False,False,False,True,False,False
Adana,https://raagtime.com/ragas/adana,'24-03,S - R - m - P - d - n - S',"S' - d~ - n - P, m - P - g~ - m - R - S",True,False,True,True,False,True,False,True,True,False,True,False
Ahiri,https://raagtime.com/ragas/ahiri,'06-09,S - r - g - m - P - D - n - S',S' - n - D - P - m - g - r - S,True,True,False,True,False,True,False,True,False,True,True,False
Amrit Varshini,https://raagtime.com/ragas/amrit-varshini,'18-21,S - G - M - P - N - S',S' - N - P - M - G - S,True,False,False,False,True,False,True,True,False,False,False,True
Anand Leela,https://raagtime.com/ragas/anand-leela,'06-09,S - R - G - m - P - N - S',S' - N - d - P - m - G - R - S,True,False,True,False,True,True,False,True,True,False,False,True
Araj,https://raagtime.com/ragas/araj,'06-09,"S - r - G, m - P - m - P, D - n - S'","S - r' - S - N, D - P - m - G, r - S",True,True,False,False,True,True,False,True,False,True,True,True
Asa,https://raagtime.com/ragas/asa,'21-24,S - R - m - P - D - S',S' - N - D - P - m - G - R - S,True,False,True,False,True,True,False,True,False,True,False,True
Asavari,https://raagtime.com/ragas/asavari,'09-12,S - R - m - P - d - S',S' - n - d - P - m - g - R - S,True,False,True,True,False,True,False,True,True,False,True,False
"Asavari, Jogi",https://raagtime.com/ragas/asavari-jogi,'09-12,S - r - m - P - d - S',"S' - R - n - d - P, d - P - m - G - (m)r - S",True,True,True,False,True,True,False,True,True,False,True,False
"Asavari, Komal Rishabh",https://raagtime.com/ragas/asavari-komal-rishabh,'09-12,S - r - m - P - d - S',S' - n - d - P - m - g - r - S,True,True,False,True,False,True,False,True,True,False,True,False
"Asavari, Sindhura",https://raagtime.com/ragas/asavari-sindhura,'09-12,S - R - m - P - D - S',"S' - n - D - P, d - m - P - (m)g, R - m - m - g, S - R - S",True,False,True,True,False,True,False,True,True,True,True,False
Bageshree,https://raagtime.com/ragas/bageshree,'24-03,S - g - m - D - n - S',"S' - n - D - m - P - D - g, m - g - R - S",True,False,True,True,False,True,False,True,False,True,True,False
"Bageshree, Audav",https://raagtime.com/ragas/bageshree-audav,'21-24,S - g - m - D - n - S',S' - n - D - m - g - S,True,False,False,True,False,True,False,False,False,True,True,False
Bahar,https://raagtime.com/ragas/bahar,'24-03,"'n - S - m, - P - g - m - n - D - N - S'","S' - n - P, - m - P - g - m - R - S",True,False,True,True,False,True,False,True,False,True,True,True
"Bahar, Bageshree",https://raagtime.com/ragas/bahar-bageshree,'21-24,S - g - m - D - n - D - S',"S - n - D - m, P - (P)g, m - g - R - S",True,False,True,True,False,True,False,True,False,True,True,False
"Bahar, Basant",https://raagtime.com/ragas/bahar-basant,'24-03,"S - G, M - G, M - n - D - S'","D - n - S' - n - P, M - G, M - G, M - G - r - S",True,True,False,False,True,False,True,True,False,True,True,False
"Bahar, Bhairav",https://raagtime.com/ragas/bahar-bhairav,'06-09,"S - r - G - m - P - m, m - D - n - S' - N - r' - S'","S' - n - D - P - m - G - R, g - r - S - 'N - r - S, 'N - D - S",True,True,True,True,True,True,False,True,False,True,True,True
"Bahar, Hindol",https://raagtime.com/ragas/bahar-hindol,'03-06,"S - G - M - G, m - P - G - m, n - D - S'","S - n - P - m - P - G - m, S - D - M - G, M - G - S",True,False,False,False,True,True,True,True,False,True,True,False
"Bahar, Kanada",https://raagtime.com/ragas/bahar-kanada,'21-24,"S - m, m - P - (m)g - m, n - d - N - S'",R' - N - S' - (S)D - n - P - m - P - g - m - R - S,True,False,True,True,False,True,False,True,True,True,True,True
"Bahar, Kedar",https://raagtime.com/ragas/bahar-kedar,'18-21,S - R - S - m - P - g - m - P - S',S' - R' - S - N - D - P - m - P - m - g - m - g - m - P - g - m - R - S - R - S,True,False,True,True,False,True,False,True,False,True,False,True
"Bahar, Paraj",https://raagtime.com/ragas/bahar-paraj,'03-06,"'N - S, - G - M - P - d, P, n - D - N - S'","S' - r' - g' - r', S - N - d - P, m - G, M - G - r - S",True,True,False,True,True,True,True,True,True,True,True,True
"Bahar, Rageshree",https://raagtime.com/ragas/bahar-rageshree,'21-24,"S - G - m - D - G - m, m - D - N - S'","S' - D - n - P, m - P - (m)g - m, (D)G - m, (G) - R - S",True,False,True,True,True,True,False,True,False,True,True,True
"Bahar, Sindhu",https://raagtime.com/ragas/bahar-sindhu,'18-21,"S - m, m - P - (m)g - m, m - P - D - S'","R' - N - S' - n - D, P, m - P - n - P - (m)g - m, R - S - R - S",True,False,True,True,False,True,False,True,False,True,True,True
Barwa,https://raagtime.com/ragas/barwa,'09-12,S - R - m - P - N - S',S' - n - D - P - D - m - G - R - g - S,True,False,True,True,True,True,False,True,False,True,True,True
Basant,https://raagtime.com/ragas/basant,'03-06,S - G - M - d - N - S',"S' - N - d - P - M - G, M - G - r - S",True,True,False,False,True,False,True,True,True,False,False,True
"Basant, Gambhir",https://raagtime.com/ragas/basant-gambhir,'06-09,"S - m - g - M - r - g - m - P, n - D - n - P - S'",S' - d - P - m - R - S,True,True,True,True,False,True,True,True,True,True,True,False
"Basant, Kanak",https://raagtime.com/ragas/basant-kanak,'24-03,S - R - m - P - n - S',S' - n - P - m - g - R - m - g - S,True,False,True,True,False,True,False,True,False,False,True,False
Basant Mukhari,https://raagtime.com/ragas/basant-mukhari,'06-09,S - r - G - m - P - d - n - S',S' - n - d - P - m - G - r - S,True,True,False,False,True,True,False,True,True,False,True,False
Basant Pancham,https://raagtime.com/ragas/basant-pancham,'24-03,S - G - M - d - N - S',"S' - N - d - P, M - m - G, M - G - r - S",True,True,False,False,True,True,True,True,True,False,False,True
Bengali,https://raagtime.com/ragas/bengali,Monsoon,S - R - m - P - D - S',R' - N - P - D - m - P - G - S,True,False,True,False,True,True,False,True,False,True,False,True
Bhairav,https://raagtime.com/ragas/bhairav,'06-09,S - r - G - m - P - d - N - S',S' - N - d - P - m - G - r - S,True,True,False,False,True,True,False,True,True,False,False,True
"Bhairav, Ahir",https://raagtime.com/ragas/bhairav-ahir,'06-09,S - r - G - m - P - D - n - S',S' - n - D - P - m - G - r - S,True,True,False,False,True,True,False,True,False,True,True,False
"Bhairav, Anand",https://raagtime.com/ragas/bhairav-anand,'06-09,"S - r - G - m - P - m, P - S'",S' - D - n - P - m - G - m - r - S,True,True,False,False,True,True,False,True,False,True,True,False
"Bhairav, Bairagi",https://raagtime.com/ragas/bhairav-bairagi,'06-09,S - r - m - P - n - S,S - n - P - m - r - S,True,True,False,False,False,True,False,True,False,False,True,False
"Bhairav, Bangal",https://raagtime.com/ragas/bhairav-bangal,'06-09,"S - r, G - m - P - d, S'","S' - d - P - m - P - G - m, r - S",True,True,False,False,True,True,False,True,True,False,False,False
"Bhairav, Hijaj",https://raagtime.com/ragas/bhairav-hijaj,'06-09,S - R - G - m - P - d - n - S',S' - n - d - P - m - G - m - P - r - S',True,True,True,False,True,True,False,True,True,False,True,False
Bhairavi,https://raagtime.com/ragas/bhairavi,'06-09,S - r - g - m - P - d - n - S',S' - n - d - P - m - g - r - S,True,True,False,True,False,True,False,True,True,False,True,False
"Bhairavi, Adi",https://raagtime.com/ragas/bhairavi-adi,'09-12,S - g - R - g - m - P - d - S',S' - d - P - m - P - g - R - S,True,False,True,True,False,True,False,True,True,False,False,False
"Bhairav, Kabir",https://raagtime.com/ragas/bhairav-kabir,'06-09,"S - r - G - m, P - d - N - S'","S', r' - n - d - P - m - G - m - (r)G, m - r - S",True,True,False,False,True,True,False,True,True,False,True,True
"Bhairav, Kaushi",https://raagtime.com/ragas/bhairav-kaushi,'06-09,S - m - G - m - P - m - m - (N)d - (N)d - S',S' - R' - n - D - P - m - (G)m - G - m - P - r - S - (r)'d - (S)'n - S - m,True,True,True,False,True,True,False,True,True,True,True,True
"Bhairav, Komal",https://raagtime.com/ragas/bhairav-komal,'06-09,"S - r, g - m - P - d - n - S'","S' - n - d - P - d - n - d - P, m - g - r - S",True,True,False,True,False,True,False,True,True,False,True,False
"Bhairav, Mangal",https://raagtime.com/ragas/bhairav-mangal,'06-09,S - r - m - P - D - S',"S' - D - P - m - (G)r, S - r - G - r - S, (S)'D - 'D - S",True,True,False,False,True,True,False,True,False,True,False,False
"Bhairav, Nat",https://raagtime.com/ragas/bhairav-nat,'06-09,S - R - G - m - P - d - N - S',S' - N - d - P - m - G - R - S,True,False,True,False,True,True,False,True,True,False,False,True
"Bhairav, Prabhaat",https://raagtime.com/ragas/bhairav-prabhaat,'06-09,"N - r - G - m - M - G, G - m - P - d - N - S'","S' - N - d - P - m, m - d - M - m - G, r - G - M - G - r - S",True,True,False,False,True,True,True,True,True,False,False,True
"Bhairav, Saveri",https://raagtime.com/ragas/bhairav-saveri,'06-09,S - r - m - P - d - S',S' - N - d - P - m - G - r - S,True,True,False,False,True,True,False,True,True,False,False,True
"Bhairav, Shivmat",https://raagtime.com/ragas/bhairav-shivmat,'06-09,"S - r - S, G - m - P, (N)d - (N)d - S'","S' - n - d - P - m - g - m - P, m - G - m - (G)r, g - r - S",True,True,False,True,True,True,False,True,True,False,True,True
"Bhairav, Sourashtra",https://raagtime.com/ragas/bhairav-sourashtra,'06-09,S - 'N - S - m - G - D - N - S,S - d - d - P - G - m - P - G - M - r - S,True,True,False,False,True,True,True,True,True,True,False,True
"Bhairav, Udasi",https://raagtime.com/ragas/bhairav-udasi,'06-09,S - r - G - m - M - n - S',S' - n - M - m - G - r - S,True,True,False,False,True,True,True,False,False,False,True,False
Bhankar,https://raagtime.com/ragas/bhankar,'03-06,"'N - r - S,G - m - P, G - M - D - M - G, M - D - S'Nr'S'","S' - r' - N - D, M - m - G, m - G - r - S",True,True,False,False,True,True,True,True,False,True,False,True
Bhatiyar,https://raagtime.com/ragas/bhatiyar,'03-06,"S - r - S - G - m, D - P -  G - M - D - S'",r' - N - D - P - m - G - M - G - r - S,True,True,False,False,True,True,True,True,False,True,False,True
Bhavani,https://raagtime.com/ragas/bhavani,'24-03,S - R - m - D - S',"S', D - m, R - S",True,False,True,False,False,True,False,False,False,True,False,False
Bhim,https://raagtime.com/ragas/bhim,'12-15,S - G - m - P - (S')n - S',g' - R' - S' - n - D - m - (P)D - m - (P)G - R - S,True,False,True,True,True,True,False,True,False,True,True,False
Bhimpalasi,https://raagtime.com/ragas/bhimpalasi,'15-18,'n - S - g - m - P - n - S',S' - n - D - P - m - g - R - S,True,False,True,True,False,True,False,True,False,True,True,False
Bhinna Shadja,https://raagtime.com/ragas/bhinna-shadja,'21-24,S - G - m - D - N - S',S' - N - D - m - G - S,True,False,False,False,True,True,False,False,False,True,False,True
Bhup,https://raagtime.com/ragas/bhup,'18-21,S - R - G - P - D - S',S' - D - P - G - R - S - 'D - S,True,False,True,False,True,False,False,True,False,True,False,False
Bibhas,https://raagtime.com/ragas/bibhas,'06-09,"S - r - G, M - G, P - D - N - D - S'","S', N - D, M - D, M - G - r - S",True,True,False,False,True,False,True,True,False,True,False,True
Bihag,https://raagtime.com/ragas/bihag,'21-24,'N - S - G - m - P - N - S',S' - N - (D) - P - M - P - G - m - G - R - S,True,False,True,False,True,True,True,True,False,True,False,True
Bihagda,https://raagtime.com/ragas/bihagda,'21-24,'N - S - G - m - P - N - S',"S' - N - D - P, n - D - P, D - G - m - G - R - S",True,False,True,False,True,True,False,True,False,True,True,True
"Bihag, Nat",https://raagtime.com/ragas/bihag-nat,'21-24,"S - R - G - m - P, P - N - N - S'","S' - N - D - P, G - m - n - D - P - m - G, (P)m - G - R - S",True,False,True,False,True,True,False,True,False,True,True,True
"Bihag, Pat",https://raagtime.com/ragas/bihag-pat,'21-24,S - G - m - P - N - S',"S' - N - D - P, G - m - (R)G - R - S",True,False,True,False,True,True,False,True,False,True,False,True
"Bihag, Sawani",https://raagtime.com/ragas/bihag-sawani,'21-24,S - G - m - P - N - S',S - N - D - P - m - G - R - S,True,False,True,False,True,True,False,True,False,True,False,True
Bilawal,https://raagtime.com/ragas/bilawal,'06-09,Sa Re Ga Ma Pa Dha Ni Sa,Sa Ni Dha Pa Ma Ga Re Sa,True,False,True,False,True,False,True,True,False,True,False,True
"Bilawal, Alahaiya",https://raagtime.com/ragas/bilawal-alahaiya,'06-09,S - GR - G - P - ND - N - S',S' - N - D - n - D - P - m - G - m - R - S,True,False,True,False,True,True,False,True,False,True,True,True
"Bilawal, Devgiri",https://raagtime.com/ragas/bilawal-devgiri,'06-09,"S - (G)R - (P)G - P, N - D - N - S'","S - N - D - P, (D)P - m - G - R, (R) - 'N - R - 'N, R - G - m - G - (R)G - R - S",True,False,True,False,True,True,False,True,False,True,False,True
"Bilawal, Jaij",https://raagtime.com/ragas/bilawal-jaij,'09-12,"S - R - G - m - G - R, m - P - N - S'","S' - n - D - P - m - G - R, R - G - (m)R - S",True,False,True,False,True,True,False,True,False,True,True,True
"Bilawal, Kukubh",https://raagtime.com/ragas/bilawal-kukubh,'06-09,S - R - G - P - (N)D - N - S',"S' - N - D - n - D - P, m - G - (M)R - S - S - R - S",True,False,True,False,True,True,True,True,False,True,True,True
"Bilawal, Nat",https://raagtime.com/ragas/bilawal-nat,'09-12,"S - G - m, P - m - G, M - P - D - N - S'","S' - N - D - n - P, m - G, m - R - S",True,False,True,False,True,True,True,True,False,True,True,True
"Bilawal, Sarpada",https://raagtime.com/ragas/bilawal-sarpada,'06-09,"S - (G)R - G, G - R - G - m, P - (n)D - N - S'","S' - N - D - P, D - n - D - P - m, G - R, G - (m)R - S",True,False,True,False,True,True,False,True,False,True,True,True
"Bilawal, Shukla",https://raagtime.com/ragas/bilawal-shukla,'06-09,"S - G - m, P - G - m - P - D - N - S'","S' - n - D - P - D - M, (P)G, R - S",True,False,True,False,True,True,True,True,False,True,True,True
"Bilawal, Sukhiya",https://raagtime.com/ragas/bilawal-sukhiya,'09-12,"S - G - m - P, P - N - DNS'","S' - D - NDP, m - P - G, RS",True,False,True,False,True,True,False,True,False,True,False,True
"Bilawal, Yamani",https://raagtime.com/ragas/bilawal-yamani,'06-09,S - R - G - P - D - N - S',"S' - N - D - P, D - n - D - P - M - G - m - G - R, G - R - S",True,False,True,False,True,True,True,True,False,True,True,True
Chakradhar,https://raagtime.com/ragas/chakradhar,'21-24,S - G - m - D - N - S',S' - N - D - P - m - G - m - R - S,True,False,True,False,True,True,False,True,False,True,False,True
Champak,https://raagtime.com/ragas/champak,'18-21,"S - (R)G m, G - m - P - D - N - N - D - S'","S' - R' - n - D - (P)m, (m)P - (P)G - (R)S - R - S",True,False,True,False,True,True,False,True,False,True,True,True
Chandrakant,https://raagtime.com/ragas/chandrakant,'18-21,S - R - G - P - D - N - S',"S' - N - D - P, M - G - R - S",True,False,True,False,True,False,True,True,False,True,False,True
Chandrakauns,https://raagtime.com/ragas/chandrakauns,'21-24,S - g - m - d - N - S',S' - N - d - m - g - m - g - S - 'N - S,True,False,False,True,False,True,False,False,True,False,False,True
Chandranandan,https://raagtime.com/ragas/chandranandan,'21-24,S - g - m - d - N - S',R' - n - d - P - m - G - S - g - S,True,False,True,True,True,True,False,True,True,False,True,True
Chandraprabha,https://raagtime.com/ragas/chandraprabha,'21-24,S - R - m - d - N - S',S' - N - d - m - R - S,True,False,True,False,False,True,False,False,True,False,False,True
Chandrika,https://raagtime.com/ragas/chandrika,'24-03,S - R - m - P - N - S',"S' - D - P, m - P - D, P - m - R, 'N - S",True,False,True,False,False,True,False,True,False,True,False,True
"Chandrika, Udan",https://raagtime.com/ragas/chandrika-udan,'12-15,S - g - m - P - n - S',S' - n - P - D - P - m - g - S,True,False,False,True,False,True,False,True,False,True,True,False
"Chandrika, Uday",https://raagtime.com/ragas/chandrika-uday,'09-12,S - R - g - m - P - d - N - S',S' - d - P - m - R - S,True,False,True,True,False,True,False,True,True,False,False,True
"Chandrika, Uday Ravi",https://raagtime.com/ragas/chandrika-uday-ravi,'18-21,S - R - G - m - D - N - S',S' - N - D - m - G - R - S,True,False,True,False,True,True,False,False,False,True,False,True
Charukeshi,https://raagtime.com/ragas/charukeshi,'09-12,S - R - G - m - P - d - n - S',S' - n - d - P - m - G - R - S,True,False,True,False,True,True,False,True,True,False,True,False
Chhayanat,https://raagtime.com/ragas/chhayanat,'21-24,"S - R - G - m - PR, G - m - D - P, P - S' - N - S'","R' - S' - ND - PR, G - M - R - S",True,False,True,False,True,True,True,True,False,True,False,True
Daulati,https://raagtime.com/ragas/daulati,'24-03,S - R - P - m - n - P - N - S',S' - N - P - g - m - R - S,True,False,True,True,False,True,False,True,False,False,True,True
Deepak,https://raagtime.com/ragas/deepak,'21-24,"S - G - m - P, D - N - S'",S' - n - D - P - m - G - R - S,True,False,True,False,True,True,False,True,False,True,True,True
Des,https://raagtime.com/ragas/des,'24-03,S - R - m - P - N - S',S' - n - D - P - m - G - R - 'N - S,True,False,True,False,True,True,False,True,False,True,True,True
Deshakhya,https://raagtime.com/ragas/deshakhya,'21-24,"'N - S - m - R, P - m, n - P, S'","S', n - P, m - P, g - m, R - S",True,False,True,True,False,True,False,True,False,False,True,True
Desh Gaud,https://raagtime.com/ragas/desh-gaud,'06-09,"S - r - S, P - d - N - S'","S' - N - d - P, S - r - S",True,True,False,False,False,False,False,True,True,False,False,True
Desi,https://raagtime.com/ragas/desi,'09-12,S - R - m - P -  m - P - n - S',"S' - P - D - P - d - m - P, R - g - S - R - 'n - S",True,False,True,True,False,True,False,True,True,True,True,False
"Desi, Komal",https://raagtime.com/ragas/desi-komal,'09-12,S - R - m - P - n' - S',S' - n - d - P - m - g- r - S,True,True,True,True,False,True,False,True,True,False,True,False
Deskar,https://raagtime.com/ragas/deskar,'06-09,S - R - G - P - D - S',"S' - D - P, D - P - G, P - G - R - S",True,False,True,False,True,False,False,True,False,True,False,False
Dev Gandhar,https://raagtime.com/ragas/dev-gandhar,'09-12,"S - R - m - P - d - (D)m, P - d - n - S'","S' - n - d - P - m - P - (m)g  - R  - S, R - n - S - R - G - m, P - (m)g - R - S",True,False,True,True,True,True,False,True,True,True,True,False
Dhanashree,https://raagtime.com/ragas/dhanashree,'18-21,N - S - G - m - P - N - S',"S' - N - D - P, P - Dm, P - G, G - m - G - R - S",True,False,True,False,True,True,False,True,False,True,False,True
"Dhanashree, Multani",https://raagtime.com/ragas/dhanashree-multani,'21-24,"'n - S - m - g - M - P, (m)g - m - P - S' - n - S'","S' - N - d - P - M - g - M - g, g - M - P - (M)g, M - g - r - S",True,True,False,True,False,True,True,True,True,False,True,True
"Dhanashree, Puriya",https://raagtime.com/ragas/dhanashree-puriya,'15-18,'N - r - G - M - d - N - r' - S',"r' - N - d - P, M - G - M - r - G - r - S",True,True,False,False,True,False,True,True,True,False,False,True
Dhani,https://raagtime.com/ragas/dhani,Monsoon,'n - S - g - m - P - n - S',S' - n - P - M - g - R - S,True,False,True,True,False,True,True,True,False,False,True,False
Dhanya Dhaivat,https://raagtime.com/ragas/dhanya-dhaivat,'03-06,"S - r - G, P - D - S'","S' - D - P, G - r - S",True,True,False,False,True,False,False,True,False,True,False,False
Dhavalshree,https://raagtime.com/ragas/dhavalshree,Monsoon,'N - S - G - P - M - d - P - M - D - N - D - P - M - D - N - S,r' - N - d - P - M - G - M - r - G - r - S,True,True,False,False,True,False,True,True,True,True,False,True
Durga,https://raagtime.com/ragas/durga,'21-24,S - R - m - R - P - D - S',S' - D - P - D - m - R - 'D - S,True,False,True,False,False,True,False,True,False,True,False,False
Gandhakriya,https://raagtime.com/ragas/gandhakriya,'06-09,S - r - G - r - m - P - N - d - N - S',S' - N - d - P - m - G - r - S,True,True,False,False,True,True,False,True,True,False,False,True
Gandhari,https://raagtime.com/ragas/gandhari,'09-12,S - R - m - P - d - n - S',S' - n - d - n - d - P - m - g - r - S,True,True,True,True,False,True,False,True,True,False,True,False
Gara,https://raagtime.com/ragas/gara,'06-09,S - G - m - P - D - N - S',"S' - n - D - P - m - G, R - g - R - S, N - (R)S - 'n - 'D - S",True,False,True,True,True,True,False,True,False,True,True,True
Gauri,https://raagtime.com/ragas/gauri,'18-21,"S - (r)G - r, G - G - m - P - m, P - d - N - S'","S' - N - D - (m)P, d - (m)P - m - (r)G, (r)G - r - 'N - S - 'N - S",True,True,False,False,True,True,False,True,True,True,False,True
"Gauri, Lalita",https://raagtime.com/ragas/gauri-lalita,'18-21,"S - r - G - m, M - m - G, G - m - P - d - P, P - d - N - S'","S' - N - d - P, d - m, M - d - M - m, G - (M)r - S",True,True,False,False,True,True,True,True,True,False,False,True
Girija,https://raagtime.com/ragas/girija,'06-09,S - G - m - d - N - S',S' - N - d - m - G - S,True,False,False,False,True,True,False,False,True,False,False,True
Gopika Basant,https://raagtime.com/ragas/gopika-basant,'06-09,S - g - m - P - d - n - S',S' - n - d - P - m - g - S,True,False,False,True,False,True,False,True,True,False,True,False
Gunakali,https://raagtime.com/ragas/gunakali,'06-09,S - r - m - P - d - S',S' - d - P - m - r - S,True,True,False,False,False,True,False,True,True,False,False,False
"Gunakali, Utari",https://raagtime.com/ragas/gunakali-utari,'06-09,"S - r - g - m, - m - P - (n)d - n - S'","S' - n - (n)d -P, d - m - P, (P)g, g - m - r - S",True,True,False,True,False,True,False,True,True,False,True,False
Gyankali,https://raagtime.com/ragas/gyankali,'09-12,S - r - m - d - n - S',S' - n - d - m - r - S,True,True,False,False,False,True,False,False,True,False,True,False
Hameer,https://raagtime.com/ragas/hameer,'21-24,S - R - S - G - m - D - N - D - S',S' - N - D - P - M - P - G - m - R - S,True,False,True,False,True,True,True,True,False,True,False,True
Harikauns,https://raagtime.com/ragas/harikauns,'21-24,S - g - M - D - n - S',S' - n - D - M - g - S,True,False,False,True,False,False,True,False,False,True,True,False
Haunsdhwani,https://raagtime.com/ragas/haunsdhwani,'18-21,S - R - G - P - N - S',S' - N - P - G - R - S,True,False,True,False,True,False,False,True,False,False,False,True
Haunskinkini,https://raagtime.com/ragas/haunskinkini,'12-15,'N - S - G - m - P - N - S',"S - n - D - P - m - P - g, m - P - (m)g - R - S - 'N - 'N - S",True,False,True,True,True,True,False,True,False,True,True,True
Haunsnad,https://raagtime.com/ragas/haunsnad,'18-21,S - r - G - M - N - S',S' - N - P - M - r - S,True,True,False,False,True,False,True,True,False,False,False,True
Hemant,https://raagtime.com/ragas/hemant,'21-24,S - G - m - D - N - S',S' - N - D - P - m - G - m - R - S,True,False,True,False,True,True,False,True,False,True,False,True
Hemavanti,https://raagtime.com/ragas/hemavanti,'06-09,S - r - M - P - d - N - S',S' - N - d - P - M - g - r - S',True,True,False,True,False,False,True,True,True,False,False,True
Hevitri,https://raagtime.com/ragas/hevitri,'03-06,S - r - G - m - P - D - S',S' - n - D - P - m - G - r - S,True,True,False,False,True,True,False,True,False,True,True,False
Hindol,https://raagtime.com/ragas/hindol,'03-06,S - G - M - D - N - D - S',S' - N - D - M - G - S,True,False,False,False,True,False,True,False,False,True,False,True
"Hindol, Marg",https://raagtime.com/ragas/hindol-marg,'03-06,"S - G - M, D - N - D, S'","S' - r - N - D, M - g, P - G - S",True,True,False,True,True,False,True,True,False,True,False,True
"Hindol, Saanjh Ki",https://raagtime.com/ragas/hindol-saanjh-ki,'18-21,"S - G, M - D - M - n, M - D - S'","S', N - D - N, D - M - G, S",True,False,False,False,True,False,True,False,False,True,True,True
"Hindol, Sampoorna",https://raagtime.com/ragas/hindol-sampoorna,'03-06,"S - M - g, (D)M - (N)D - S'","S' - (N)D - M - g, P - (M)G, M - G - S(R) - 'D - S",True,False,True,True,True,False,True,True,False,True,False,True
Homshikha,https://raagtime.com/ragas/homshikha,'24-03,"S - G, P - D, N - S'","S' - n, D - P, G - g - S",True,False,False,True,True,False,False,True,False,True,True,True
Jaijaiwanti,https://raagtime.com/ragas/jaijaiwanti,'18-21,S - R - G - m - P - m - G - m - P - N - S',S' - n - D - P - m - G - R - g - R - S,True,False,True,True,True,True,False,True,False,True,True,True
Jaijaiwanti (Des Ang),https://raagtime.com/ragas/jaijaiwanti-des-ang,'18-21,'N - S - R - G - m - P - N - S',S' - n - D - P - m - G - R - 'N - S - 'D - 'n - R,True,False,True,False,True,True,False,True,False,True,True,True
Jaikauns,https://raagtime.com/ragas/jaikauns,'21-24,"'N - S, g - m - M - m, D - N - S'","S' - N - D, m - M - m, g - S",True,False,False,True,False,True,True,False,False,True,False,True
Jairaj,https://raagtime.com/ragas/jairaj,'24-03,"S - R - m - P, m - D - N - S'","S' - D - P - M, D - P, m - R - S",True,False,True,False,False,True,True,True,False,True,False,True
Jait,https://raagtime.com/ragas/jait,'18-21,S - r - G - P - D - P - S',S' - P - D - P - G - r - S,True,True,False,False,True,False,False,True,False,True,False,False
Jaitshree,https://raagtime.com/ragas/jaitshree,Monsoon,'N - S - G - P - M - d - P - M - P - N - S',R' - N - d - P - S' - P - M - G - M - r - G - r - S,True,True,True,False,True,False,True,True,True,False,False,True
Jaiwanti,https://raagtime.com/ragas/jaiwanti,'09-12,"S - r - g, M - P - S'","S' - d - P, M - g - r - S",True,True,False,True,False,False,True,True,True,False,False,False
Janasamohini,https://raagtime.com/ragas/janasamohini,'18-21,S - R - G - P - D - n - S',"S' - n - D - P - G - P - G - R, S - 'n - 'D - S",True,False,True,False,True,False,False,True,False,True,True,False
Jaunpuri,https://raagtime.com/ragas/jaunpuri,'09-12,S - R - m - P - d - n - S',S' - n - d - P - m - g - R - S,True,False,True,True,False,True,False,True,True,False,True,False
Jayant,https://raagtime.com/ragas/jayant,'03-06,S - g - m - P - D - S',"S' - n - D - P, m - g - S",True,False,False,True,False,True,False,True,False,True,True,False
Jhinjhoti,https://raagtime.com/ragas/jhinjhoti,'21-24,S - R - m - P - D - S',S' - n - D - P - m - G - R - G - (R) - S,True,False,True,False,True,True,False,True,False,True,True,False
Jog,https://raagtime.com/ragas/jog,'24-03,'n - S - G - m - P - n - S',S' - n - P - m - G - S - g - S,True,False,False,True,True,True,False,True,False,False,True,False
Jogiya,https://raagtime.com/ragas/jogiya,'06-09,S - r - m - P - d - S',S' - N - d - P - d - m - r - S,True,True,False,False,False,True,False,True,True,False,False,True
Jogkauns,https://raagtime.com/ragas/jogkauns,'24-03,S - G - m - P - N - d - N - S',"S' - N - d - (S)n - S', n - d - m - P - m - G, S - G - m - g - S",True,False,False,True,True,True,False,True,True,False,True,True
Jungala,https://raagtime.com/ragas/jungala,'24-03,S - R - g - m - P - D - N - S',"S', n - d, P - D, P - m - g - R - S",True,False,True,True,False,True,False,True,True,True,True,True
Kaamaai,https://raagtime.com/ragas/kaamaai,'21-24,"S - G, m - P, n - S'","S' - n, D - P, m - G - R - S",True,False,True,False,True,True,False,True,False,True,True,False
Kaamkesh,https://raagtime.com/ragas/kaamkesh,'21-24,S - m - G - m - P - D - N - S',S' - n - D - P - m - G - m - S,True,False,False,False,True,True,False,True,False,True,True,True
Kafi,https://raagtime.com/ragas/kafi,'18-21,S - R - g - m - P - D - n - S',S' - n - D - P - D - m - g - R - S,True,False,True,True,False,True,False,True,False,True,True,False
Kakambheri,https://raagtime.com/ragas/kakambheri,'06-09,S - r - g - m - P - d - S',S' - n - d - P - m - g - r - S,True,True,False,True,False,True,False,True,True,False,True,False
Kala Bharan,https://raagtime.com/ragas/kala-bharan,'18-21,S - R - G - m - P - D - n - S',S' - D - P - G - R - S,True,False,True,False,True,True,False,True,False,True,True,False
Kalawati,https://raagtime.com/ragas/kalawati,'21-24,S - G - P - D - n - D - S',S' - n - D - P - G - P - G - S,True,False,False,False,True,False,False,True,False,True,True,False
Kalingda,https://raagtime.com/ragas/kalingda,'03-06,S - r - G - m - P - d - N - S',S' - N - d - P - m - G - r - S,True,True,False,False,True,True,False,True,True,False,False,True
"Kalyan, Chandra",https://raagtime.com/ragas/kalyan-chandra,'18-21,S - r - M - P - d - P - N - S',S' - N - r - N - d - P - M - d - P - M - r - S,True,True,False,False,False,False,True,True,True,False,False,True
"Kalyan, Durga",https://raagtime.com/ragas/kalyan-durga,'18-21,S - R - G - M - P - D - N - S',"S' - N - D - P - M - G - R, m - (m)R - (R)'D - S",True,False,True,False,True,True,True,True,False,True,False,True
"Kalyan, Gorakh",https://raagtime.com/ragas/kalyan-gorakh,'21-24,S - R - m - D - n - D - S',S' - n - D - P - m - R - S - 'n - 'D - S,True,False,True,False,False,True,False,True,False,True,True,False
"Kalyan, Hem",https://raagtime.com/ragas/kalyan-hem,'18-21,'P - 'D - 'P - S - R - S - G - m - P - D -  P - S',S - D - P - G - m - P - G - m - R - S,True,False,True,False,True,True,False,True,False,True,False,False
"Kalyan, Jait",https://raagtime.com/ragas/kalyan-jait,'18-21,S - R - G - P - D - S,S - D - P - G - R - S,True,False,True,False,True,False,False,True,False,True,False,False
"Kalyan, Kesari",https://raagtime.com/ragas/kalyan-kesari,'18-21,S - R - G - P - D - S',S' - D - M - P - M - G - R - S,True,False,True,False,True,False,True,True,False,True,False,False
"Kalyan, Khem",https://raagtime.com/ragas/kalyan-khem,'18-21,S - G - R - G - m - P - N - S',"S' - N - D - M - G - R, G - M - (G)R - 'N - 'D - 'N - S",True,False,True,False,True,True,True,True,False,True,False,True
"Kalyan, Lakshmi",https://raagtime.com/ragas/kalyan-lakshmi,'18-21,"S, R - G - m - R, M - P, D, N - S'","S' - N - D - P, M, m, G - m - R - S",True,False,True,False,True,True,True,True,False,True,False,True
"Kalyan, Purba",https://raagtime.com/ragas/kalyan-purba,'18-21,S - r - G - M - P - D - N - S',S' - N - D - P - M - G - (M)r - G - r - S,True,True,False,False,True,False,True,True,False,True,False,True
"Kalyan, Puriya",https://raagtime.com/ragas/kalyan-puriya,'15-18,'N - r - G - M - D - N - r' - S',S' - N - D - P - M - G - r - S,True,True,False,False,True,False,True,True,False,True,False,True
"Kalyan, Raj",https://raagtime.com/ragas/kalyan-raj,'21-24,N - R - G - M - D - N - S',"S' N - D - M - G - R, N - R - S",True,False,True,False,True,False,True,False,False,True,False,True
"Kalyan, Samant",https://raagtime.com/ragas/kalyan-samant,'21-24,S - R - G - P - D - S',S' - N - D - P - M - G - R - S,True,False,True,False,True,False,True,True,False,True,False,True
"Kalyan, Shree",https://raagtime.com/ragas/kalyan-shree,'06-09,"S, R, M, P, D - P, S'","S', D - P, M - P, R - S",True,False,True,False,False,False,True,True,False,True,False,False
"Kalyan, Shuddha",https://raagtime.com/ragas/kalyan-shuddha,'18-21,S - R - G - P - D - S',"S - ND - P, P - MG - R - S",True,False,True,False,True,False,True,True,False,True,False,True
"Kalyan, Shyam",https://raagtime.com/ragas/kalyan-shyam,'18-21,S - R - M - P - N - S',S' - N - D - P - M - P - G - m - R - S,True,False,True,False,True,True,True,True,False,True,False,True
"Kalyan, Yaman",https://raagtime.com/ragas/kalyan-yaman,'18-21,N - R - G - M - D - N - S',S' - N - D - P - M - G - m - G - R - S,True,False,True,False,True,True,True,True,False,True,False,True
Kamboji,https://raagtime.com/ragas/kamboji,'21-24,"S - R - G, P, D - S'","S' - n, D - P, m - G - R - S",True,False,True,False,True,True,False,True,False,True,True,False
"Kamboji, Gop",https://raagtime.com/ragas/kamboji-gop,'21-24,S - R - g - m - P - D - S',S' - n - D - P - m - g - R - S,True,False,True,True,False,True,False,True,False,True,True,False
Kamod,https://raagtime.com/ragas/kamod,'18-21,S - r - P - m - P - D - P - N - D - S,"S' - N - D - P - M - P - D - P,  G - m - P - G - m - R - S",True,True,True,False,True,True,True,True,False,True,False,True
"Kanada, Bageshree",https://raagtime.com/ragas/kanada-bageshree,'21-24,"S - R - (m)g - m - P, (m)g - m - D - n - S'",S' - n - D - P - m - P - (m)g - m - R - S,True,False,True,True,False,True,False,True,False,True,True,False
"Kanada, Darbari",https://raagtime.com/ragas/kanada-darbari,'21-24,S - R - g~ - m - P - d~ - n - S',"R' - n - S' - d~ - n - P, m - P - g~ - m - R - S",True,False,True,True,False,True,False,True,True,False,True,False
"Kanada, Gunji",https://raagtime.com/ragas/kanada-gunji,'21-24,"S - R - G - (R)G - m, m - P - (m)g, D - n - S'","S' - D - n - P, (m)g - (m)g - m - R - S",True,False,True,True,True,True,False,True,False,True,True,False
"Kanada, Hussaini",https://raagtime.com/ragas/kanada-hussaini,'21-24,S - 'n - R - g - m - P - D - n - P - S',S' - D - n - P - m - P - g - m - R - S,True,False,True,True,False,True,False,True,False,True,True,False
"Kanada, Kafi",https://raagtime.com/ragas/kanada-kafi,'24-03,S - R - R - g - m - R - n - D - P - m - P - S',S' - n - D - P - n - P - m - P - g - m - R - S,True,False,True,True,False,True,False,True,False,True,True,False
"Kanada, Kaushi",https://raagtime.com/ragas/kanada-kaushi,'24-03,"'N - S - m, g - m - d - n - S'","S' - n - d - m, P - m - g - R, g - m - R - S",True,False,True,True,False,True,False,True,True,False,True,True
"Kanada, Nayaki",https://raagtime.com/ragas/kanada-nayaki,'21-24,S - R - m - P - n - S',S' - n - P - m - P - g - m - R - S,True,False,True,True,False,True,False,True,False,False,True,False
"Kanada, Shahana",https://raagtime.com/ragas/kanada-shahana,'21-24,"R - n - S - (m)g - m - P, n - D - n - P, m - P - n - P - S'",S' - n - D - n - P - m - P - (m)g - m - R - S,True,False,True,True,False,True,False,True,False,True,True,False
"Kanada, Sughrai",https://raagtime.com/ragas/kanada-sughrai,'18-21,S - R - (m)g - m - P - n - P - S',S' - n - D - n - P - m - P - (m)g - m - R - S,True,False,True,True,False,True,False,True,False,True,True,False
"Kanada, Suha",https://raagtime.com/ragas/kanada-suha,'18-21,"'n - S - (m)g - m, P - n - m - P - S'",S' - n - P - m - P - (m)g - m - R - S,True,False,True,True,False,True,False,True,False,False,True,False
"Kanada, Suha Sughrai",https://raagtime.com/ragas/kanada-suha-sughrai,'18-21,"'n - S - R - g - m, P - n - m - P - S'",S' - n - P - m - P - (m)g - m - R - S,True,False,True,True,False,True,False,True,False,False,True,False
"Kanta, Udan",https://raagtime.com/ragas/kanta-udan,'21-24,S - R - m - P - m - D - n - S',S' - n - D - P - m - D - m - G - R - S,True,False,True,False,True,True,False,True,False,True,True,False
Kapi,https://raagtime.com/ragas/kapi,'18-21,S - R - g - m - P - D - n - S',S' - D - P - m - R - g - m - R - S,True,False,True,True,False,True,False,True,False,True,True,False
Kedar,https://raagtime.com/ragas/kedar,'21-24,"S - m, m - G - P, M - P - D - P - S'","S' - N - D - P, M - P - D - P - m, P - m - R - S",True,False,True,False,True,True,True,True,False,True,False,True
"Kedar, Basanti",https://raagtime.com/ragas/kedar-basanti,'18-21,"S - R - S - m, m - P, D - N - S'","S' - N - D - P, d - M - P, M - G - M - G, M - G - r - S",True,True,True,False,True,True,True,True,True,True,False,True
"Kedar, Chandni",https://raagtime.com/ragas/kedar-chandni,'21-24,"S - m, M - M - P , D - N - S'","S' - N - D - P, D - P - M, mR - S",True,False,True,False,False,True,True,True,False,True,False,True
"Kedar, Jaldhar",https://raagtime.com/ragas/kedar-jaldhar,'18-21,"S - R - S - m, m - P - D - S'",S' - D - P - m - R - S,True,False,True,False,False,True,False,True,False,True,False,False
"Kedar, Maluha",https://raagtime.com/ragas/kedar-maluha,'18-21,"R - 'N - S, m - R - S, m - G - P - M - D - M - P - S'","S' - N - D - M - P,  (P)G - (m)P - G - m - R - S - 'n - 'D - 'P - 'm, 'P - S",True,False,True,False,True,True,True,True,False,True,True,True
"Kedar, Nat",https://raagtime.com/ragas/kedar-nat,'18-21,"S - R - S - m, m - G - P, P - D - P - S'","S' - N - D - P, M - P - D - P - m, d - G - m - R - S",True,False,True,False,True,True,True,True,True,True,False,True
"Kedar, Sangam",https://raagtime.com/ragas/kedar-sangam,'24-03,S - G - M - P - D - N - S',"S' - D - P - M, m - P, G - m - R - S",True,False,True,False,True,True,True,True,False,True,False,True
"Kedar, Sawani",https://raagtime.com/ragas/kedar-sawani,Monsoon,"S - R - S - m, m - P, P - n - D - N - S'","S' - D - n - m - P, P(D) - P - m, S - R - S",True,False,True,False,False,True,False,True,False,True,True,True
"Kedar, Shyam",https://raagtime.com/ragas/kedar-shyam,'21-24,"S - R - S - m, R - M, P, D - N - S'","S' - N - D - P, D - n - D - P - m - R - S",True,False,True,False,False,True,True,True,False,True,True,True
Khamaj,https://raagtime.com/ragas/khamaj,'18-21,S - G - m - P - D - N - S',S' - n - D - P - m - G - R - S,True,False,True,False,True,True,False,True,False,True,True,True
"Khamaj, Manjh",https://raagtime.com/ragas/khamaj-manjh,'24-03,"S - R - G - P - m, G - m - P - D - n - D, P - D - N - S'","S' - n - D - P - m, G - R - G - P - m, G - R - S",True,False,True,False,True,True,False,True,False,True,True,True
Khambavati,https://raagtime.com/ragas/khambavati,'21-24,S - R - m - P - D - S',"S - n - D - P, D - m - (P)G - (m)S",True,False,True,False,True,True,False,True,False,True,True,False
Khat,https://raagtime.com/ragas/khat,'09-12,"R - 'n - S - (m)g, m - P, (n)d - n - S'","R' - S' - n - D - P, (n)m - P - (m)g - m - R - S",True,False,True,True,False,True,False,True,True,True,True,False
Khokhar,https://raagtime.com/ragas/khokhar,'09-12,"S - R - P - m,  n - D - P, m - P - D - S'","S' - n - D - P,  D - n - P, m - G - R - g - R - S",True,False,True,True,True,True,False,True,False,True,True,False
Kirwani,https://raagtime.com/ragas/kirwani,Monsoon,S - R - g - m - P - d - N - S',S' - N - d - P - m - g - R - S,True,False,True,True,False,True,False,True,True,False,False,True
Kohal,https://raagtime.com/ragas/kohal,'21-24,"S - R - g, P - N - S'","S' - n - P, g - R - g - R - S",True,False,True,True,False,False,False,True,False,False,True,True
Kolahal,https://raagtime.com/ragas/kolahal,'06-09,S - R - G - m - P - N - D - N - S',S' - N - P - D - m - G - R - S,True,False,True,False,True,True,False,True,False,True,False,True
Kolhaas,https://raagtime.com/ragas/kolhaas,'15-18,S - R - g - P - D - n - S',S' - n - D - P - g - R - S,True,False,True,True,False,False,False,True,False,True,True,False
Koumari,https://raagtime.com/ragas/koumari,'18-21,S - r - G - M - P - N - S',S' - N - P - M - G - r - S,True,True,False,False,True,False,True,True,False,False,False,True
Kripavati,https://raagtime.com/ragas/kripavati,'09-12,S - R - g - P - d - S',S' - n - d - P - d - m - g - R - S,True,False,True,True,False,True,False,True,True,False,True,False
Kumudaki,https://raagtime.com/ragas/kumudaki,'21-24,S - R - G - M - N - S',S' - N - M - G - R - S,True,False,True,False,True,False,True,False,False,False,False,True
Lajwanti,https://raagtime.com/ragas/lajwanti,'24-03,"'N - S, G - R, m - G, P - D - m - P - S'","S' - P, D - m, P - G, m - P - R - S",True,False,True,False,True,True,False,True,False,True,False,True
Lalit,https://raagtime.com/ragas/lalit,'03-06,"'N - r - G - m - M - m, - G - M - d - N - S'",S' - N - d - M - m - G - r - S,True,True,False,False,True,True,True,False,True,False,False,True
Lalitavari,https://raagtime.com/ragas/lalitavari,'18-21,"N - r - G - m, M - m - G, M - D - N - S'","S' - N - R' - N - D, M - D - M - m - G, r - G - M - G - r - S",True,True,True,False,True,True,True,False,False,True,False,True
Lalitkali,https://raagtime.com/ragas/lalitkali,'03-06,"'N - r - G - m, M - m, G - P, d - n - d - P, M - d, S'","r' - N - d - P, G - M - m - G, M - G - r - S'",True,True,False,False,True,True,True,True,True,False,True,True
Lalit Mangal,https://raagtime.com/ragas/lalit-mangal,'06-09,S - m - P - D - N - S',r' - N - d - P - M - G - r - S,True,True,False,False,True,True,True,True,True,True,False,True
Lalit Pancham,https://raagtime.com/ragas/lalit-pancham,'06-09,"N - r - G - m, M - G, M - d - N - S'","S' - N - d, M - d - M - m - G, P - G - r - S",True,True,False,False,True,True,True,True,True,False,False,True
Lankeshree,https://raagtime.com/ragas/lankeshree,'21-24,"S - R - G - m, D - P, D - n - S'",R' - N - S' - n - D - P - m - G - R - S,True,False,True,False,True,True,False,True,False,True,True,True
Latika,https://raagtime.com/ragas/latika,'15-18,"S - R - G, P - d - N - S'",S' - N - d - P - G - R - S,True,False,True,False,True,False,False,True,True,False,False,True
Maand,https://raagtime.com/ragas/maand,'18-21,S - G - m - P - D - N - S',"S' - N - D - P - D, P - N - D - P, G - m - G - R - S",True,False,True,False,True,True,False,True,False,True,False,True
Madhukauns,https://raagtime.com/ragas/madhukauns,'21-24,S - g - M - P - n - S',S' - n - P - M - g - S,True,False,False,True,False,False,True,True,False,False,True,False
Madhuranjani,https://raagtime.com/ragas/madhuranjani,'21-24,'N - S - g - m - P - N - S',S' - N - P - m - g - R - S,True,False,True,True,False,True,False,True,False,False,False,True
Madhuri,https://raagtime.com/ragas/madhuri,'24-03,"S - g, P - N - S'","S' - n, P - G, P - m, 'n - S",True,False,False,True,True,True,False,True,False,False,True,True
Madhuvanti,https://raagtime.com/ragas/madhuvanti,'12-15,'N - S - g - M - P - N - S',S' - N - D - P - M - g - R - S,True,False,True,True,False,False,True,True,False,True,False,True
Malagunji,https://raagtime.com/ragas/malagunji,'09-12,S - R - G - m - D - N - S',"S' - n - D - P - m - G, m - g - R - S",True,False,True,True,True,True,False,True,False,True,True,True
Malani,https://raagtime.com/ragas/malani,'06-09,S - r - g - m - P - S',S' - n - d - m - g - r - S,True,True,False,True,False,True,False,True,True,False,True,False
Malarani,https://raagtime.com/ragas/malarani,'18-21,"S, R - M - P, N - S'","N - S' - D - P, R - M - P, G - R - S",True,False,True,False,True,False,True,True,False,True,False,True
Malashree,https://raagtime.com/ragas/malashree,'18-21,S - G - P - N - S,"S - (N)P - (M)(G), P - G - S",True,False,False,False,True,False,True,True,False,False,False,True
Malavi,https://raagtime.com/ragas/malavi,'18-21,"S - r - G - M - P, M - D - S'","S' - N - P - M, G - r - S",True,True,False,False,True,False,True,True,False,True,False,True
Malayamarutam,https://raagtime.com/ragas/malayamarutam,'06-09,S - G - P - D - n - S',S' - n - D - P - G - r - S,True,True,False,False,True,False,False,True,False,True,True,False
"Malhar, Charju Ki",https://raagtime.com/ragas/malhar-charju-ki,Monsoon,"S - m - R - P, n - N - S'","S' - P - D - P, (m)g - (m)g - m - P - m - m\R - S",True,False,True,True,False,True,False,True,False,True,True,True
"Malhar, Des",https://raagtime.com/ragas/malhar-des,'06-09,S - R - m - P - N - S',S' - D - n - P - m - P - (m)g - (m)g - m - R - S,True,False,True,True,False,True,False,True,False,True,True,True
"Malhar, Dhulia",https://raagtime.com/ragas/malhar-dhulia,Monsoon,"S - (m)R - P, n - D - N - S'","S' - n - D - P, m - R, (m)g - (m)g - m - P - m - m\R - S",True,False,True,True,False,True,False,True,False,True,True,True
"Malhar, Gaud",https://raagtime.com/ragas/malhar-gaud,Monsoon,"S - R - G - m - R - P, m - P - n - D - N - S'",S' - D - n - P - m - P - m - R - G - R - S,True,False,True,False,True,True,False,True,False,True,True,True
"Malhar, Jayant",https://raagtime.com/ragas/malhar-jayant,'21-24,S - (m)R - P - n - D - N - S',"S' - (S')D - n - m - P, (D)P - m - G - R, g - R - S - 'N - S - (S)'D - 'n - R - S",True,False,True,True,True,True,False,True,False,True,True,True
"Malhar, Meera",https://raagtime.com/ragas/malhar-meera,Monsoon,"S - (m)R - P, n - D - N - S'","S' - R' - (n)d - (n)d - n - P, m - P, (m)g - (m)g - m - R - S",True,False,True,True,False,True,False,True,True,True,True,True
"Malhar, Megh",https://raagtime.com/ragas/malhar-megh,Monsoon,"S, m - R, m - P, n - N - S'","S' - n - P, m - R, m - 'N - R - S",True,False,True,False,False,True,False,True,False,False,True,True
"Malhar, Miyan",https://raagtime.com/ragas/malhar-miyan,Monsoon,"S - m - R - P, - m - P - n - D - N - S'",S' - D - n - P - m - P - (m)g~ - m - R - S,True,False,True,True,False,True,False,True,False,True,True,True
"Malhar, Nanak",https://raagtime.com/ragas/malhar-nanak,Monsoon,'N - S - R - g - m - P - n - N - S',S' - n - P - m - g - R - g - m - g - R - S,True,False,True,True,False,True,False,True,False,False,True,True
"Malhar, Nat",https://raagtime.com/ragas/malhar-nat,'21-24,"S - (G)R - G - m, m - R - P, n - D - N - S'","S' - D - n - P - m, G - R - R - G - G - m - R - S",True,False,True,False,True,True,False,True,False,True,True,True
"Malhar, Ramdasi",https://raagtime.com/ragas/malhar-ramdasi,Monsoon,S - R - P - G - m - P - n - N - S',S' - D - n - m - P - D - P - m - G - m - P - (m)g(m)g - m - R - S,True,False,True,True,True,True,False,True,False,True,True,True
"Malhar, Sur",https://raagtime.com/ragas/malhar-sur,Monsoon,S - R - m - P - n - D - m - P - N - S',S' - n - D - m - P - n - D - P - m - R - S,True,False,True,False,False,True,False,True,False,True,True,True
Maligaura,https://raagtime.com/ragas/maligaura,'18-21,"S - r - 'N - 'd - 'N, r - G, M - G, M - P - N - S'","S' - r' - N, d - P, N - (d)M, G, M - 'N - r - S",True,True,False,False,True,False,True,True,True,False,False,True
Malin,https://raagtime.com/ragas/malin,'18-21,'N - S - G - P - N - D - S',S' - N - D - P - G - P - G - r - S,True,True,False,False,True,False,False,True,False,True,False,True
Malkauns,https://raagtime.com/ragas/malkauns,'24-03,S - g - m - d - n - S',S' - n - d - m - g - S,True,False,False,True,False,True,False,False,True,False,True,False
"Malkauns, Pancham",https://raagtime.com/ragas/malkauns-pancham,'24-03,S - g - m - d - n - S',S' - n - d - n - d - m - P - g - m - g - S,True,False,False,True,False,True,False,True,True,False,True,False
"Malkauns, Sampoorna",https://raagtime.com/ragas/malkauns-sampoorna,'24-03,S - (m)g - m - (n)d - n - S',"S' - n - (n)d - m - (m)g, m - P - m - g, (S)'n - R - S",True,False,True,True,False,True,False,True,True,False,True,False
Manjiri,https://raagtime.com/ragas/manjiri,'24-03,S - G - m - P - d - N - S',S' - N - d - P - M - G - r - S,True,True,False,False,True,True,True,True,True,False,False,True
"Manjiri, Hauns",https://raagtime.com/ragas/manjiri-hauns,'06-09,"S, R - m - P - D, n - S'","S' - D - P, m - P - D - P - m, R - 'n - S",True,False,True,False,False,True,False,True,False,True,True,False
"Manjiri, Pat",https://raagtime.com/ragas/manjiri-pat,'12-15,S - R - G - m - P - D - N - S',"S' - n - D - P, m - g - R = S",True,False,True,True,True,True,False,True,False,True,True,True
"Manjiri, Rudra",https://raagtime.com/ragas/manjiri-rudra,'09-12,S - R - G - m - P - n - d - n - D - P - S',S' - R' - n - d - P - m - P - g - R - g - m - S,True,False,True,True,True,True,False,True,True,True,True,False
Manohar,https://raagtime.com/ragas/manohar,'18-21,S - r - G - M - d - S',S' - r' - N - d - P - G - M - G - r - S,True,True,False,False,True,False,True,True,True,False,False,True
"Manohari, Amba",https://raagtime.com/ragas/manohari-amba,'09-12,S - R - g - m - D - N - S',S' - N - D - m - g - R - S,True,False,True,True,False,True,False,False,False,True,False,True
"Manohari, Kamal",https://raagtime.com/ragas/manohari-kamal,'06-09,S - G - m - P - d - N - S',S' - N - d - P - m - G - S,True,False,False,False,True,True,False,True,True,False,False,True
Maru,https://raagtime.com/ragas/maru,'15-18,S - r - G - m - M - P - d - N - S',S' - N - d - P - M - m - G - R - S,True,True,True,False,True,True,True,True,True,False,False,True
Maru Bihag,https://raagtime.com/ragas/maru-bihag,'15-18,"N - S - G - M - P - m - G, M - P - N - S'","S' - N - D - P - M - G, M - G - R - S",True,False,True,False,True,True,True,True,False,True,False,True
Marwa,https://raagtime.com/ragas/marwa,'15-18,'N - r - G - M - D - N - D - S',S' - N - D - M - G - r - S,True,True,False,False,True,False,True,False,False,True,False,True
Megh,https://raagtime.com/ragas/megh,Monsoon,S - m - R~ - P - m - P - n - S',S' - n - P - m - R~ - S,True,False,True,False,False,True,False,True,False,False,True,False
Mevada,https://raagtime.com/ragas/mevada,'03-06,S - R - G - m - P - D - N - S',S - N - D - P - m - G - R - S,True,False,True,False,True,True,False,True,False,True,False,True
"Mohini, Ahi",https://raagtime.com/ragas/mohini-ahi,'21-24,S - r - G - m - P - D - n - S',S' - n - d - P - m - g - R - S,True,True,True,True,True,True,False,True,True,True,True,False
"Mohini, Chitta",https://raagtime.com/ragas/mohini-chitta,'12-15,"S, R - G - m - P, D - N - S'","S', N - P, m - R, S",True,False,True,False,True,True,False,True,False,True,False,True
Motaki,https://raagtime.com/ragas/motaki,'18-21,'n - S - g - m - P - D - n - S',S' - d - n - P - D - g - m - r - S,True,True,False,True,False,True,False,True,True,True,True,False
Multani,https://raagtime.com/ragas/multani,'15-18,'N - S - g - M - P - N - S',S' - N - d - P - M - g - r - S,True,True,False,True,False,False,True,True,True,False,False,True
Naat Kuranjika,https://raagtime.com/ragas/naat-kuranjika,'09-12,"'n - S, G - m, D - n - S'","R - n - S' - D - m, G - m - r - S",True,True,True,False,True,True,False,False,False,True,True,False
Nand,https://raagtime.com/ragas/nand,'21-24,S - G - m - P - D - N - P - D - M - P - S',"S' - N - D - P - M - P, D - P - G - m - P - R - S",True,False,True,False,True,True,True,True,False,True,False,True
Narayani,https://raagtime.com/ragas/narayani,'21-24,S - R - m - P - D - n - D - S',S' - n - D - P - m - R - S,True,False,True,False,False,True,False,True,False,True,True,False
"Nat, Shuddha",https://raagtime.com/ragas/nat-shuddha,'21-24,S - R - G - m - P - D - N - S',S' - N - P - m - R - S,True,False,True,False,True,True,False,True,False,True,False,True
Nilambari,https://raagtime.com/ragas/nilambari,'21-24,S - R - m - P - D - S',R' - n - D - P - m - G - g - R - 'N - S - 'D - 'n - g - R,True,False,True,True,True,True,False,True,False,True,True,True
Nupur,https://raagtime.com/ragas/nupur,'24-03,"S - R - P, n - N - S'","S' - n - P, G - m, R - S",True,False,True,False,True,True,False,True,False,False,True,True
Pahadi,https://raagtime.com/ragas/pahadi,'18-21,'P - 'D - S - R - G - P - D - S',S' - N - D - P - m - G - R - s - 'n - 'd - 'P - 'd - S,True,False,True,False,True,True,False,True,True,True,True,True
Pancham,https://raagtime.com/ragas/pancham,'18-21,S - m - G - M - D - N - D - N - M - D - S',S' - N - D - M - D - M - G - r - S,True,True,False,False,True,True,True,False,False,True,False,True
Paraj,https://raagtime.com/ragas/paraj,'24-03,"'N - S - G, M - P - d - N - S'","S' - N - d - P, M - P - d - P, m - G - r - S",True,True,False,False,True,True,True,True,True,False,False,True
Patadeep,https://raagtime.com/ragas/patadeep,'12-15,'N - S - g - m - P - N - S',S' - N - D - P - m - g - R - S,True,False,True,True,False,True,False,True,False,True,False,True
Patdipaki,https://raagtime.com/ragas/patdipaki,'12-15,S - G - m - P - N - S',S' - N - D - P - m - G - m - P - g - R - S,True,False,True,True,True,True,False,True,False,True,False,True
Pilu,https://raagtime.com/ragas/pilu,'15-18,'N - S - g - m - P - N - S',S' - N - S' - n - D - P - m - G - m - P - (m)g - R - S - N - S,True,False,True,True,True,True,False,True,False,True,True,True
Poorvi,https://raagtime.com/ragas/poorvi,'15-18,'N - r - G - M - d - N - S',"S' - N - d - P - M - G - m - r - G, M - G - r - S",True,True,False,False,True,True,True,True,True,False,False,True
"Prabha, Kumud",https://raagtime.com/ragas/prabha-kumud,'15-18,S - r - G - d - N - S',S' - P - M - G - 'N - S,True,True,False,False,True,False,True,True,True,False,False,True
Prabhavati,https://raagtime.com/ragas/prabhavati,'06-09,S - r - G - P - d - N - S',S' - N - d - P - G - r - S,True,True,False,False,True,False,False,True,True,False,False,True
Puriya,https://raagtime.com/ragas/puriya,'15-18,'N - r - G - M - D - N - r' - S',"r' - N - D - M - G, M - G - r - S",True,True,False,False,True,False,True,False,False,True,False,True
Pushp,https://raagtime.com/ragas/pushp,'21-24,S - R - g - m - g - P - D - S',"S' - D - P, g - m - g, R - S",True,False,True,True,False,True,False,True,False,True,False,False
Rageshree,https://raagtime.com/ragas/rageshree,'21-24,'n - S - G - m - D - n - S',S' - n - D - m - G - R - S,True,False,True,False,True,True,False,False,False,True,True,False
Rajeshwari,https://raagtime.com/ragas/rajeshwari,'18-21,S - g - m - D - N - S',S' - N - D - m - g - S,True,False,False,True,False,True,False,False,False,True,False,True
Rakta Hauns,https://raagtime.com/ragas/rakta-hauns,'09-12,S - R - m - P - D - S',S' - n - P - m - R - S,True,False,True,False,False,True,False,True,False,True,True,False
Ramkali,https://raagtime.com/ragas/ramkali,'06-09,"S - r - G - m - P, G - m - d - N - S'","S' - N - d - P - M - P, d - (N)d - P, G - m - r - S",True,True,False,False,True,True,True,True,True,False,False,True
"Ranjani, Dev",https://raagtime.com/ragas/ranjani-dev,'06-09,"S - m, m - P - (n)d - (n)d - S'","S' - (n)d - (n)d - P - d - m, m - S",True,False,False,False,False,True,False,True,True,False,True,False
"Ranjani, Gou",https://raagtime.com/ragas/ranjani-gou,'21-24,N - S - G - M - P - N - S',S' - N - d - P - M - G - r - S,True,True,False,False,True,False,True,True,True,False,False,True
"Ranjani, Jan",https://raagtime.com/ragas/ranjani-jan,'21-24,"S, R - G - m - P, N - S'","S' - D - P - m, R - G - m, P - m - R - S",True,False,True,False,True,True,False,True,False,True,False,True
"Ranjani, Kaam",https://raagtime.com/ragas/ranjani-kaam,'09-12,S - r - g - r - M - P - d - N - S',S' - N - d - M - g - r - g - S,True,True,False,True,False,False,True,True,True,False,False,True
"Ranjani, Kamal",https://raagtime.com/ragas/ranjani-kamal,'06-09,S - G - P - D - N - S',S' - N - D - n - P - m - G - S,True,False,False,False,True,True,False,True,False,True,True,True
"Ranjani, Kusum",https://raagtime.com/ragas/ranjani-kusum,'21-24,S - r - M - P - d - N - S',S' - N - d - N - P - M - G - r - S,True,True,False,False,True,False,True,True,True,False,False,True
"Ranjani, Megh",https://raagtime.com/ragas/ranjani-megh,'03-06,"'N - r - G, m, N - S'","r' - S', N - m, G, m - r - G - r - S",True,True,False,False,True,True,False,False,False,False,False,True
"Ranjani, Pushp",https://raagtime.com/ragas/ranjani-pushp,'24-03,"S - r, G - m, M - P - N - S'",S' - N - P - m - M - m - r - S,True,True,False,False,True,True,True,True,False,False,False,True
"Ranjani, Raag",https://raagtime.com/ragas/ranjani-raag,'21-24,S - G - m - D - n - D - S',"R' - S - n - D - P, m - G, m - g - R - 'N - S",True,False,True,True,True,True,False,True,False,True,True,True
"Ranjani, Ras",https://raagtime.com/ragas/ranjani-ras,'24-03,S - R - m - D - N - S',"S', N, D, m, D - m - R - S",True,False,True,False,False,True,False,False,False,True,False,True
"Ranjani, Saraswat",https://raagtime.com/ragas/ranjani-saraswat,'21-24,"'N - S, g - M - P - N - S'","S' - n, D - P, M - g, R - S'",True,False,True,True,False,False,True,True,False,True,True,True
"Ranjani, Shree",https://raagtime.com/ragas/ranjani-shree,'24-03,S - g - m - D - n - S',S' - n - D - m - g - R - S,True,False,True,True,False,True,False,False,False,True,True,False
"Ranjani, Yash",https://raagtime.com/ragas/ranjani-yash,'24-03,S - r - M - P - d - S',S' - D - P - M - r - S,True,True,False,False,False,False,True,True,True,True,False,False
Ras Chandra,https://raagtime.com/ragas/ras-chandra,'06-09,"S - R - S, G - m - M, M - D - M - S'","R' - S', D - M - m, G - m - R - S",True,False,True,False,True,True,True,False,False,True,False,False
Ratnadeep,https://raagtime.com/ragas/ratnadeep,'18-21,S - G - M - P - N - S',S' - D - P - M - G - r - S,True,True,False,False,True,False,True,True,False,True,False,True
Ravikosh,https://raagtime.com/ragas/ravikosh,'21-24,S - G - m - D - n - S',S' - n - D - m - R - g - R - S,True,False,True,True,True,True,False,False,False,True,True,False
Reva,https://raagtime.com/ragas/reva,'18-21,"S - r - G, P - d - P - S'",S' - d - P - G - r - S,True,True,False,False,True,False,False,True,True,False,False,False
Revati,https://raagtime.com/ragas/revati,'06-09,"S, R - m - P, D - m - P, S'","S' - D - n - P, m - P, m - g - m - R - S",True,False,True,True,False,True,False,True,False,True,True,False
Rupeshwari,https://raagtime.com/ragas/rupeshwari,'21-24,S - G - m - D - n - S',S' - n - D - m - G - S,True,False,False,False,True,True,False,False,False,True,True,False
Saajgiri,https://raagtime.com/ragas/saajgiri,'18-21,"N - r - G, M - G, M - P - d - P, m - N - D - S'","S' - N - r' - N - d - P, P - D - G, M - D - G, M - G - r - S",True,True,False,False,True,True,True,True,True,True,False,True
"Sakh, Bhav",https://raagtime.com/ragas/sakh-bhav,'06-09,"S, m - m, D - P - D, S', N - R' - S'","S' - N - D - N - D - P, G - R, 'N - R - S",True,False,True,False,True,True,False,True,False,True,False,True
"Sakh, Dev",https://raagtime.com/ragas/sakh-dev,'09-12,S - m -  R -  (P)m - N - P - S',S' - n - P - m - P - (m)g - m - R - S,True,False,True,True,False,True,False,True,False,False,True,True
"Sakh, Lachchha",https://raagtime.com/ragas/sakh-lachchha,'06-09,"S - G - R - G - P - m, P - (N)D - N - S'","S' - D - n - P - m, G - P - m - G - R - S",True,False,True,False,True,True,False,True,False,True,True,True
Sameri,https://raagtime.com/ragas/sameri,'09-12,S - R - m - P - n - S',S' - n - d - P - m - g - R - S,True,False,True,True,False,True,False,True,True,False,True,False
"Sarang, Badhans",https://raagtime.com/ragas/sarang-badhans,'12-15,"S - R - m, R - m - P, N - S'","S - n - P - m - (D)P - m - R, R - 'N - S",True,False,True,False,False,True,False,True,False,True,True,True
"Sarang, Gaud",https://raagtime.com/ragas/sarang-gaud,'12-15,S - G - R - m - G - P - M - D - P - N - D - S',"S' - D - N - P - D - M - P - G, m - R - P - R - S",True,False,True,False,True,True,True,True,False,True,False,True
"Sarang, Lankadahan",https://raagtime.com/ragas/sarang-lankadahan,'12-15,"S - R - m - P, n - P, N - S'","S' - D - n - P, m - P - (m)g - (m)g - m - R - S",True,False,True,True,False,True,False,True,False,True,True,True
"Sarang, Madhmaad",https://raagtime.com/ragas/sarang-madhmaad,'09-12,S - R - m - P - n - S',"S' - n - P - m - R - m - R, 'n - S",True,False,True,False,False,True,False,True,False,False,True,False
"Sarang, Miyan Ki",https://raagtime.com/ragas/sarang-miyan-ki,'09-12,"'D - 'N - S, R, P - D - N - S'","S', n - D, S, n - P, m - R - S",True,False,True,False,False,True,False,True,False,True,True,True
"Sarang, Poorvi",https://raagtime.com/ragas/sarang-poorvi,'18-21,"S - r, G - M - P - d - N - S'",S' - N - d - P - M - P - M - G - r - G - S,True,True,False,False,True,False,True,True,True,False,False,True
"Sarang, Samant",https://raagtime.com/ragas/sarang-samant,'12-15,S - R - m - P - N - S',"S' - n - D - P - m - R, m - R - 'N - S",True,False,True,False,False,True,False,True,False,True,True,True
"Sarang, Shuddha",https://raagtime.com/ragas/sarang-shuddha,'12-15,S - R - M - P - N - S',"S' - N - D - P - M - P - (m)R, m - R - N - S",True,False,True,False,False,True,True,True,False,True,False,True
"Sarang, Vrindavani",https://raagtime.com/ragas/sarang-vrindavani,'12-15,S - R - m - P - N - S',S - n - P - m - R - m - R - S - 'N - S,True,False,True,False,False,True,False,True,False,False,True,True
Saraswati,https://raagtime.com/ragas/saraswati,'18-21,S - R - M - P - D - P - S',"S' - n - D - P, M - P -(P)R - S",True,False,True,False,False,False,True,True,False,True,True,False
"Saravali, Naag",https://raagtime.com/ragas/saravali-naag,'21-24,"S - G, m - P, D - S'","S' - D - P - m, P - G, m - G - S",True,False,False,False,True,True,False,True,False,True,False,False
Saveri,https://raagtime.com/ragas/saveri,'06-09,"S - r - m - P, d - S'","S' - N - d - P, m - G - r - S",True,True,False,False,True,True,False,True,True,False,False,True
Sawan,https://raagtime.com/ragas/sawan,Monsoon,S - g - P - G - m - P - N - S',"S' - N - D - P - g, m - G - R, S",True,False,True,True,True,True,False,True,False,True,False,True
Shankara,https://raagtime.com/ragas/shankara,'21-24,S - G - P - N - D - S',"S' - N - (D)P, G - P - (R)G - (R)S",True,False,True,False,True,False,False,True,False,True,False,True
Shimendra Madhyam,https://raagtime.com/ragas/shimendra-madhyam,'18-21,S - R - g - M - P - d - N - S',S' - N - d - P - M - g - R - S,True,False,True,True,False,False,True,True,True,False,False,True
Shivranjani,https://raagtime.com/ragas/shivranjani,'21-24,S - R - g - P - D - S',S - D - P - g - R - S,True,False,True,True,False,False,False,True,False,True,False,False
Shobhavari,https://raagtime.com/ragas/shobhavari,'06-09,"S - (m)R - m - P - d - P, m - P - (n)d - (n)d - S'","S' - (n)d - P, d - m - P, (m)r - (m)r - S",True,True,True,False,False,True,False,True,True,False,True,False
Shree,https://raagtime.com/ragas/shree,'15-18,"S - r - P, M - P - D - P -  N - S' - r' - S'",S' - r' - N - d - P(M)P - r - G - r - S,True,True,False,False,True,False,True,True,True,True,False,True
"Shree, Hauns",https://raagtime.com/ragas/shree-hauns,'21-24,S - G - m - P - N - S',"S' - n, m - P, P - G - m - G, S",True,False,False,False,True,True,False,True,False,False,True,True
Shreetank,https://raagtime.com/ragas/shreetank,'18-21,"S - r - P, P - d - P - S'","S' - N - r - N - d - P - G - r, G - r - S",True,True,False,False,True,False,False,True,True,False,False,True
Shreevanti,https://raagtime.com/ragas/shreevanti,'06-09,'N - S - g - M - P - N - S',S' - N - P - M - g - r - S,True,True,False,True,False,False,True,True,False,False,False,True
Sindhura,https://raagtime.com/ragas/sindhura,Monsoon,S - R - m - P - D - S',R' - N - S' - n - D - P - m - g - R - S,True,False,True,True,False,True,False,True,False,True,True,True
Sohoni,https://raagtime.com/ragas/sohoni,'03-06,S - G - M - D - N - S',S' - N - D - M - D - G - M - G - r - S,True,True,False,False,True,False,True,False,False,True,False,True
Sorath,https://raagtime.com/ragas/sorath,'06-09,"S - R, m - P - N, S","S' - R', n - D, m - P - D, m - R - 'N - S",True,False,True,False,False,True,False,True,False,True,True,True
Sourashtra Tank,https://raagtime.com/ragas/sourashtra-tank,'06-09,"S - r, G - m, P - m, D - S'","S' - N - D - m, N - d - P, m - G - r - S",True,True,False,False,True,True,False,True,True,True,False,True
Tanki,https://raagtime.com/ragas/tanki,'18-21,"S - r - G - P, d - P - N - S'","S' - N - d - P, M - G, P - G - r - S",True,True,False,False,True,False,True,True,True,False,False,True
Tilak Kamod,https://raagtime.com/ragas/tilak-kamod,'18-21,S - R - G - S - R - m - P - N - S,S' - n - D - P - D - m - G - S - R - G - S,True,False,True,False,True,True,False,True,False,True,True,True
Tilang,https://raagtime.com/ragas/tilang,'18-21,S - G - m - P - N - S',S' - n - P - m - G - S,True,False,False,False,True,True,False,True,False,False,True,True
"Todi, Anjani",https://raagtime.com/ragas/todi-anjani,'09-12,S - R - m - P - n - d - N - S',S' - n - D - P - g - R - S,True,False,True,True,False,True,False,True,True,True,True,True
"Todi, Asa",https://raagtime.com/ragas/todi-asa,'06-09,S - r - m - P - d - S',S' - n - d - m - r - g - r - S,True,True,False,True,False,True,False,True,True,False,True,False
"Todi, Bahaduri",https://raagtime.com/ragas/todi-bahaduri,'06-09,"R - 'n - S  - R - g - (S)R - g, m - P - (N)d - S'","S' - r' - n - d - m - g - R, g - (S)R - g, r - S",True,True,True,True,False,True,False,True,True,False,True,True
"Todi, Bairagi",https://raagtime.com/ragas/todi-bairagi,'06-09,S - r - g - P - n - S',S' - n - P - g - r - S,True,True,False,True,False,False,False,True,False,False,True,False
"Todi, Bhupali",https://raagtime.com/ragas/todi-bhupali,'09-12,'d - S - r - g - P - d - S',S' - d - P - g - r - S,True,True,False,True,False,False,False,True,True,False,False,False
"Todi, Bilaskhani",https://raagtime.com/ragas/todi-bilaskhani,'09-12,S - r - g - P - d - S',S' - r' - n - d - m - g - rgr - S,True,True,False,True,False,True,False,True,True,False,True,False
"Todi, Chhaya",https://raagtime.com/ragas/todi-chhaya,'06-09,S - r - g - M - d - S',S' - d - M - g - r - S,True,True,False,True,False,False,True,False,True,False,False,False
"Todi, Darbari",https://raagtime.com/ragas/todi-darbari,'06-09,S - r - g - M - d - N - S',S' - n - d - P - M - P - d - n - d - P - M - g - r - g - r - S,True,True,False,True,False,False,True,True,True,False,True,True
"Todi, Gauri",https://raagtime.com/ragas/todi-gauri,'06-09,"S - r, g - M - P - d - N - S'",S' - N - d - P - M - G - r - S,True,True,False,True,True,False,True,True,True,False,False,True
"Todi, Gujari",https://raagtime.com/ragas/todi-gujari,'09-12,S - r - g - M - d - N - S',S' - N - d - M - g - r - S,True,True,False,True,False,False,True,False,True,False,False,True
"Todi, Hussaini",https://raagtime.com/ragas/todi-hussaini,'06-09,"S - R - M - P - D, m - P - N - S'","S' - P - D - MP, g - R - S - 'N - S or R' - n - D - P, MPDP - g, Rg - SR - 'NS",True,True,True,True,False,True,True,True,False,True,True,True
"Todi, Jaiwanti",https://raagtime.com/ragas/todi-jaiwanti,'06-09,S - r - m - P - D - n - S',S' - n - D - P - m - g - r - S,True,True,False,True,False,True,False,True,False,True,True,False
"Todi, Lachari",https://raagtime.com/ragas/todi-lachari,'09-12,"S - R - G - (R)G - m, m - P - (n)d - (n)d - P - S'","S', r' - n - D, (n)d - P, m - P - (m)g - (m)g, R - g - m - S",True,True,True,True,True,True,False,True,True,True,True,False
"Todi, Laxmi",https://raagtime.com/ragas/todi-laxmi,'06-09,"S - 'n - 'P, S, S - R - G - m, m - g - P, (n)d - (n)d - (n) P, (n)d - (n)d - S'","S' - n - S' - r' - S', n - d - P - d - g, m - g - r - S",True,True,True,True,True,True,False,True,True,False,True,False
"Todi, Miyan Ki",https://raagtime.com/ragas/todi-miyan-ki,'09-12,S - r - g - M - d - N - S',S' - N - d - P - M - g - r - S,True,True,False,True,False,False,True,True,True,False,False,True
"Todi, Saheli",https://raagtime.com/ragas/todi-saheli,'09-12,S - r - g - P - d - S',r' - g' - r' - S' - d - n - d - P - g - r - g - r - S' - d - S,True,True,False,True,False,False,False,True,True,False,True,False
Triveni,https://raagtime.com/ragas/triveni,'06-09,"S - r, r - S, S - r, G - P - G, P, d - P, S'","S' - N - d - P, P - G, r - r - S",True,True,False,False,True,False,False,True,True,False,False,True
Vachaspati,https://raagtime.com/ragas/vachaspati,'21-24,'n - S - G - M - P - n - S',S' - n - D - P - M - G - R - S,True,False,True,False,True,False,True,True,False,True,True,False
"Varari, Kantal",https://raagtime.com/ragas/varari-kantal,'21-24,"S - m - P, D - n - D, S'","S' - N, D - P, m - S",True,False,False,False,False,True,False,True,False,True,True,True
"Varari, Karank",https://raagtime.com/ragas/varari-karank,'21-24,"S - R, m - P, n - S'","S' - n, D - n, P - m, G - R - S",True,False,True,False,True,True,False,True,False,True,True,False
"Varari, Salag",https://raagtime.com/ragas/varari-salag,'09-12,"S - r - g - P, D - n - D - S'","S' - n - D - P, D - n - D - P, g - P, r - g - r - S",True,True,False,True,False,False,False,True,False,True,True,False
Vijay,https://raagtime.com/ragas/vijay,'18-21,S - R - g - M - P - D - S',"S' - d - P - M, g - R - S",True,False,True,True,False,False,True,True,True,True,False,False
Viranch Mukhi,https://raagtime.com/ragas/viranch-mukhi,'21-24,"S - m, G - P, M - m - g, P - N - S'","S' - N - P, M - m - G, P - G, P - R - S - m",True,False,True,True,True,True,True,True,False,False,False,True
Yaman,https://raagtime.com/ragas/yaman,'18-21,N - R - G - M - D - N - S',S' - N - D - P - M - G - R - S,True,False,True,False,True,False,True,True,False,True,False,True
Zilaf,https://raagtime.com/ragas/zilaf,'06-09,"S - R - g - m, P, d, n - S'","R' - S' - n - d, P, g - P - m - g - R - S",True,False,True,True,False,True,False,True,True,False,True,False
