Raag Name,URL,Time,Aaroh,Avroh,Swar,Jati,Thaat,Vadi - Samvadi,Vishranti Sthan,Mukhya Ang,S,r,R,g,G,m,M,P,d,D,n,N
Abhogi Kanada,https://tanarang.com/wordpress/raag-abhogi-kanada/,2nd Prahar of the Night (9PM to 12AM),"S R g m D S' - S' D m g R g m R S ; R ,D ,D S",,"Pancham, Nishad Varjya. Gandhar Komal. Rest All Shuddha Swaras.",Audhav - Audhav Vakra,Kafi,Madhyam - Shadj,R; m; D; S;,"S R ,D S ; R g m ; g m R S;",TRUE,FALSE,TRUE,TRUE,FALSE,TRUE,FALSE,FALSE,FALSE,TRUE,FALSE,FALSE
Adana,https://tanarang.com/wordpress/raag-adana-2/,2nd Prahar of the Night (9PM to 12AM),S R m P d n S' - S' d n P ; m P g m R S,,"Gandhar Varjya in Aaroh. Gandhar, Dhaivat, Nishad Komal. Rest All Shuddha Swaras.",Shadhav - Sampurna Vakra,Asawari,Shadj - Pancham,P; n; - S'; P; R;,m P d n S'; S' d n S' ; S' d n P ; m P ; g m R S;,TRUE,FALSE,TRUE,TRUE,FALSE,TRUE,FALSE,TRUE,TRUE,FALSE,TRUE,FALSE
Aheer Bhairav,https://tanarang.com/wordpress/raag-aheer-bhairav/,1st Prahar of the Day (6AM to 9AM),S r G m P D n S' - S' n D P m G r S or S' n D P m G m r S,,Rishabh and Nishad Komal. Rest All Shuddha Swaras.,Sampurna - Sampurna,Bhairav,Madhyam - Shadj,S; r; m; P; - S'; P; m; r;,"G m P ; D n D ; P D P ; S' n D ; n D P m G m ; G m P m r r S ; ,n ,D ,n r r S;",TRUE,TRUE,FALSE,FALSE,TRUE,TRUE,FALSE,TRUE,FALSE,TRUE,TRUE,FALSE
Alhaiya Bilawal,https://tanarang.com/wordpress/raag-alhaiya-bilawal/,1st Prahar of the Day (6AM to 9AM),S R G P D N S' - S' N D P D n D P m G R S,,Madhyam Varjya in Aaroh. Both Nishads. Rest All Shuddha Swaras.,Shadhav - Sampurna,Bilawal,Dhaivat - Gandhar,S; G; P; - S'; P; G;,G R G P ; D n D P ; m G R ; G P D N S' ;,TRUE,FALSE,TRUE,FALSE,TRUE,TRUE,FALSE,TRUE,FALSE,TRUE,TRUE,TRUE
Bageshree,https://tanarang.com/wordpress/raag-bageshree/,2nd Prahar of the Night (9PM to 12AM),"S R g m D n S' - S' n D m P D m g R S; ,n S",,Pancham Varjya in Aaroh. Gandhar and Nishad Komal. Rest All Shuddha Swaras.,Shadhav - Sampurna Vakra,Kafi,Madhyam - Shadj,S; m; D; - S'; D; m; g;,",n S m ; S g m ; g R S ; ,n ,D ; m D n D ; m g R S;",TRUE,FALSE,TRUE,TRUE,FALSE,TRUE,FALSE,TRUE,FALSE,TRUE,TRUE,FALSE
Bahar,https://tanarang.com/wordpress/raag-bahar/,2nd Prahar of the Night (9PM to 12AM) or Anytime in Spring Season.,"S R S m P m g m D N S' - S' n P m g m R S ,N S",,"Rishabh and Pancham Varjya in Aaroh. Dhaivat Varjya in Avroh. Gandhar Komal, Both Nishads. Rest All Shuddha Swaras.",Audhav - Shadhav Vakra,Kafi,Madhyam - Shadj,S; m; P; - S'; m; R;,S m ; P m g m ; n P m ; m n D N S' ; n P m ; P m ; g m R S;,TRUE,FALSE,TRUE,TRUE,FALSE,TRUE,FALSE,TRUE,FALSE,TRUE,TRUE,TRUE
Bairagi,https://tanarang.com/wordpress/raag-bairagi/,1st Prahar of the Day (6AM to 9AM),S r m P n S' - S' n P m r S,,Gandhar and Dhaivat Varjya. Rishabh and Nishad Komal. Rest All Shuddha Swaras.,Audhav - Audhav,Bhairav,Madhyam - Shadj,S; r; m; P;,"m P n P m r ; r P m r S ; ,n S r S ;",TRUE,TRUE,FALSE,FALSE,FALSE,TRUE,FALSE,TRUE,FALSE,FALSE,TRUE,FALSE
Bairagi Todi,https://tanarang.com/wordpress/raag-bairagi-todi/,1st Prahar of the Day (6AM to 9AM),S r g P n S' - S' n P g r S,,"Madhyam and Dhaivat Varjya. Rishabh, Gandhar, Nishad Komal. Rest all Shuddha Swaras.",Audhav - Audhav,Todi,Pancham - Shadj,S; r; P;,",n S r g ; g r ,n ,P ; ,n r S ;",TRUE,TRUE,FALSE,TRUE,FALSE,FALSE,FALSE,TRUE,FALSE,FALSE,TRUE,FALSE
Basant,https://tanarang.com/wordpress/raag-basant/,2nd Prahar of the Night (9PM to 12AM) or Anytime in Spring Season.,S G M d N S' - S' N d P M G M N d M G r S,,Rishabh and Pancham Varjya in Aaroh. Rishabh and Dhaivat Komal. Madhyam Teevra. Rest All Shuddha Swaras.,Audhav - Sampurna Vakra,Poorvi,Tar Shadj - Pancham,S; G; - S'; P; G;,M d r' S' ; N S' r' N d P ; G M d N M G ; M d G M G ; M G M G r S ;,TRUE,TRUE,FALSE,FALSE,TRUE,FALSE,TRUE,TRUE,TRUE,FALSE,FALSE,TRUE
Basant Mukhari,https://tanarang.com/wordpress/raag-basant-mukhari/,2nd Prahar of the Day (9AM to 12PM),"S r G m P d n S'; - S' n d P m G r S ,n S;",,"Rishabh, Dhaivat and Nishad Komal. Rest All Shuddha Swaras.",Sampurna - Sampurna,Bhairav,Pancham - Shadj,S; G; m; - S'; P; m; r;,"S r G ; G m ; P m ; P d n d P m ; P m G m ; G r ; r S ; ,n ,d ,n S r ; r G m ; G r S ; G m r S;",TRUE,TRUE,FALSE,FALSE,TRUE,TRUE,FALSE,TRUE,TRUE,FALSE,TRUE,FALSE
Bhairav,https://tanarang.com/wordpress/raag-bhairav/,1st Prahar of the Day (6AM to 9AM),S r G m P d N S'; - S' N d P m G r S;,,Rishabh and Dhaivat Komal. Rest All Shuddha Swaras.,Sampurna - Sampurna,Bhairav,Dhaivat - Rishabh,S; m; P; d; - S'; d; P; r;,"r r S ; d d P ; G m d d P ; G m r r S ; ,N S;",TRUE,TRUE,FALSE,FALSE,TRUE,TRUE,FALSE,TRUE,TRUE,FALSE,FALSE,TRUE
Bhairavi,https://tanarang.com/wordpress/raag-bhairavi/,1st Prahar of the Day (6AM to 9AM) or Sarv Kalik,S r g m P d n S'; - S' n d P m g r S;,,"Rishabh, Gandhar, Dhaivat, Nishad Komal. Rest all Shuddha Swaras.",Sampurna - Sampurna,Bhairavi,Madhyam - Shadj,S; m; P; - S'; P; m;,g S r S ; g m P ; d m d n S' ; r' S' d P g m r S;,TRUE,TRUE,FALSE,TRUE,FALSE,TRUE,FALSE,TRUE,TRUE,FALSE,TRUE,FALSE
Bhatiyar,https://tanarang.com/wordpress/raag-bhatiyar/,4th Prahar of the Night (3AM to 6AM),S r S ; S m ; m D P ; S D ; D N P m ; P G ; M D S' - S' r' N D P ; D N P m ; P G r S;,,"Both Madhyams, Rishabh Komal. Rest all Shuddha Swaras.",Sampurna - Sampurna Vakra,Marwa,Shuddha Madhyam - Shadj,S; m; P; D; - m; S;,S m P ; P G r S ; S D N D ; N P ; D m ; P G ; P G r S ; M D S' ;,TRUE,TRUE,FALSE,FALSE,TRUE,TRUE,TRUE,TRUE,FALSE,TRUE,FALSE,TRUE
Bheem,https://tanarang.com/wordpress/raag-bheem/,3rd Prahar of the Day (12PM to 3PM),",n S G m P n S' - S' n D P m G P m ; G m R S ; ,n S ,P ,n S",,"Rishabh, Dhaivat Varjya in Aaroh. Nishad Komal. Rest all Shuddha Swaras.",Audhav - Sampurna Vakra,Kafi,Shadj - Pancham,S; G; P; - S'; P; G;,",n S G m P (S')n ; P (S')n S' ; S' (P)D P ; D m P ; G m R ,n S ;",TRUE,FALSE,TRUE,FALSE,TRUE,TRUE,FALSE,TRUE,FALSE,TRUE,TRUE,FALSE
Bheempalasi,https://tanarang.com/wordpress/raag-bheempalasi/,3rd Prahar of the Day (12PM to 3PM),",n S g m P n S' - S' n D P m g R S ,n S ,P ,n S",,Rishabh and Dhaivat Varjya in Aaroh. Gandhar and Nishad Komal. Rest all Shuddha Swaras.,Audhav - Sampurna,Kafi,Madhyam - Shadj,S; m; P; - S'; P; m;,",n S g m P ; n D P ; S' ; n D P ; m g R S;",TRUE,FALSE,TRUE,TRUE,FALSE,TRUE,FALSE,TRUE,FALSE,TRUE,TRUE,FALSE
Bhoopali,https://tanarang.com/wordpress/raag-bhoopali/,1st Prahar of the Night (6PM to 9PM),"S R G P D S' - S’ D P G R S R ,D S",,"Madhyam, Nishad Varjya. Rest All Shuddha Swaras.",Audhav - Audhav,Kalyan,Gandhar - Dhaivat,S; R; G; P; - P; G; R; S;,G R G; P G; D P; S' D P G; P G R G; G R S;,TRUE,FALSE,TRUE,FALSE,TRUE,FALSE,FALSE,TRUE,FALSE,TRUE,FALSE,FALSE
Bhupal Todi,https://tanarang.com/wordpress/raag-bhupal-todi/,1st Prahar of the Day (6AM to 9AM),"S r g P d S' - S' d P g r S ,d r S",,"Madhyam and Nishad Varjya. Rishabh, Gandhar and Dhaivat Komal. Rest all Shuddha Swaras.",Audhav - Audhav,Bhairavi,Dhaivat - Gandhar,S; g; P; d; - d; P; g; S;,"S ,d S r g ; d P g r g r S;",TRUE,TRUE,FALSE,TRUE,FALSE,FALSE,FALSE,TRUE,TRUE,FALSE,FALSE,FALSE
Bihag,https://tanarang.com/wordpress/raag-bihag/,2nd Prahar of the Night (9PM to 12AM),"S G m P N S' - S' N DP M P G m G RS, S' N D P M G m G R S",,Rishabh and Dhaivat Varjya in Aaroh. Both Madhyams. Rest all Shuddha Swaras.,Audhav - Sampurna Vakra,Kalyan,Gandhar - Nishad,S; G; P; N; - S'; N; P; G;,",N S G ; G m G ; P M P G m G ; P M G m G R S;",TRUE,FALSE,TRUE,FALSE,TRUE,TRUE,TRUE,TRUE,FALSE,TRUE,FALSE,TRUE
Bihagda,https://tanarang.com/wordpress/raag-bihagda/,2nd Prahar of the Night (9PM to 12AM),S G m P N S'  - S' N (D)P ; P D n D P ; G m G ; P m G (R) S;,,Rishabh  Varjya in Aaroh. Both Nishads. Rest all Shuddha Swaras.,Shadhav - Sampurna,Bilawal,Gandhar - Shuddha Nishad,G; m; N;,S G m P ; m P G (R) S; G m n D P ; G m G ; G m P N S' ; S' N P ; D n D P ; G m G ; mP mP G (R) S;,TRUE,FALSE,TRUE,FALSE,TRUE,TRUE,FALSE,TRUE,FALSE,TRUE,TRUE,TRUE
Bilaskhani Todi,https://tanarang.com/wordpress/raag-bilaskhani-todi/,2nd Prahar of the Day (9AM to 12PM),S r g P d S' - S' r' n d ; P ; P d n d m g r ; r g r S,,"Madhyam and Nishad Varjya in Aaroh. Pancham Varjya in Avroh. Rishabh, Gandhar, Dhaivat and Nishad Komal. Rest all Shuddha Swaras.",Audhav - Sampurna Vakra,Bhairavi,Dhaivat - Gandhar,S; g; P; d; - d; P; g; S;,"S r ,n ,d S ; S r g ; r g P ; P d n d ; d m g r ; g r S ;",TRUE,TRUE,FALSE,TRUE,FALSE,TRUE,FALSE,TRUE,TRUE,FALSE,TRUE,FALSE
Chandrakauns,https://tanarang.com/wordpress/raag-chandrakauns/,2nd Prahar of the Night (9PM to 12AM),"S g m d N S' - S' N d m g m g S ,N S",,Rishabh and Pancham Varjya. Gandhar and Dhaivat Komal. Rest all Shuddha Swaras.,Audhav - Audhav,Not Defined,Madhyam - Shadj,S; m; N; - S'; N; m;,"S g m g S ,N ; ,N S ; g m d N S'; N d S' ; N d m g m g S ,N S;",TRUE,FALSE,FALSE,TRUE,FALSE,TRUE,FALSE,FALSE,TRUE,FALSE,FALSE,TRUE
Charukeshi,https://tanarang.com/wordpress/raag-charukeshi/,2nd Prahar of the Day (9AM to 12PM),"S R G m P d n S' - S' n d P m G R S ,d ,n S",,Dhaivat and Nishad Komal. Rest all Shuddha Swaras.,Sampurna - Sampurna,Not Defined,Madhyam - Shadj,R; G; m; P; d;,",d ,n S R G m G R ; R G m d P ; R G m R S ;",TRUE,FALSE,TRUE,FALSE,TRUE,TRUE,FALSE,TRUE,TRUE,FALSE,TRUE,FALSE
Chhayanut,https://tanarang.com/wordpress/raag-chhayanut/,2nd Prahar of the Night (9PM to 12AM),S R G R ; G P m G R S ; S R G m P D N S' - S' N D P M P D P ; R G m P m G R S,,Both Madhyams. Rest All Shuddha Swaras.,Sampurna - Sampurna Vakra,Kalyan,Pancham - Rishabh,R; G; P; - S'; P; R;,",P R R ; R G m P ; G m R S ; S' P R G ; m G m R S R S;",TRUE,FALSE,TRUE,FALSE,TRUE,TRUE,TRUE,TRUE,FALSE,TRUE,FALSE,TRUE
Darbari Kanada,https://tanarang.com/wordpress/raag-darbari-kanada/,3rd Prahar of the Night (12AM to 3AM),S R g m P d n S' - S' d n P m P g m R S,,"Gandhar, Dhaivat and Nishad Komal. Rest all Shuddha Swaras.",Sampurna - Sampurna Vakra,Asawari,Rishabh - Pancham,S; R; P; - S'; P; R;,"S R g (R)g ; m P d (P)d n P ; n m P S' ; S' (n)d n P m P (m)g m R S ; ,d ,n S;",TRUE,FALSE,TRUE,TRUE,FALSE,TRUE,FALSE,TRUE,TRUE,FALSE,TRUE,FALSE
Des,https://tanarang.com/wordpress/raag-des/,2nd Prahar of the Night (9PM to 12AM),"S R m P N S' - S' n D P D m G R G ,N S",,Gandhar and Dhaivat Varjya in Aaroh. Both Nishads. Rest all Shuddha Swaras.,Audhav - Sampurna Vakra,Khamaj,Rishabh - Pancham,R P N S' - S' P R;,"D s m G R; G ,N s S; R m P N; S' R' n D P;",TRUE,FALSE,TRUE,FALSE,TRUE,TRUE,FALSE,TRUE,FALSE,TRUE,TRUE,TRUE
Deshkar,https://tanarang.com/wordpress/raag-deshkar/,1st Prahar of the Day (6AM to 9AM),S R G P D S' - S' D P D G P G R S,,Madhya and Nishad Varjya. Rest all Shuddha Swaras.,Audhav - Audhav Vakra,Bilawal,Dhaivat - Gandhar,P; D; S'; - S'; D; P;,"S R G P D ; D G P ; S' D ; P D G P ; G R S ; ,D S;",TRUE,FALSE,TRUE,FALSE,TRUE,FALSE,FALSE,TRUE,FALSE,TRUE,FALSE,FALSE
Desi,https://tanarang.com/wordpress/raag-desi/,1st Prahar of the Day (6AM to 9AM),"S R m P n S' - S' P D m P R g S R ,n S",,Gandhar and Dhaivat Varjya in Aaroh. Nishad Varjya in Avroh. Gandhar and Nishad Komal. Rest all Shuddha Swaras.,Audhav - Shadhav Vakra,Kafi,Pancham - Shadj,S; R; P; - P; R; S;,"R m P ; D m P S' ; S' P D m P ; R g S R ,n S;",TRUE,FALSE,TRUE,TRUE,FALSE,TRUE,FALSE,TRUE,FALSE,TRUE,TRUE,FALSE
Dev Gandhar,https://tanarang.com/wordpress/raag-dev-gandhar/,2nd Prahar of the Day (9AM to 12PM),S R G m P m g R G m P d n S' - S' n d P m P g R G m g R S,,Dhaivat and Nishad Komal. Both Gandhars. Rest all Shuddha Swaras.,Sampurna - Sampurna Vakra,Asawari,Dhaivat - Gandhar,G; m; P; - S'; P; R;,",d ,n S R G m G m ; d m P n d P ; d m P g R S ; R G m ; P g R S ; d m P g R G m g R S ;",TRUE,FALSE,TRUE,TRUE,TRUE,TRUE,FALSE,TRUE,TRUE,FALSE,TRUE,FALSE
Devgiri Bilawal,https://tanarang.com/wordpress/raag-devgiri-bilawal/,1st Prahar of the Day (6AM to 9AM),"S R G P D N S' - S' N D P ; D n D P ; m G R S ; ,N S ; ,D ,P G R S",,Both Nishads. Madhyam Varjya in Aaroh. Rest all Shuddha Swaras.,Shadhav - Sampurna Vakra,Bilawal,Shadj - Pancham,S; G; P; - P; G; S';,"S ; ,D ,N ,D S R G ; G R S ; ,D ,P G ; ,N R G m G ; G P m ; G R S ;",TRUE,FALSE,TRUE,FALSE,TRUE,TRUE,FALSE,TRUE,FALSE,TRUE,TRUE,TRUE
Devshree,https://tanarang.com/wordpress/raag-devshree/,2nd Prahar of the Night (9PM to 12AM),S R M P n S' - S' n P M R S,,Gandhar and Dhaivat Varjya. Madhyam Teevra. Nishad Komal. Rest all Shuddha Swaras.,Audhav - Audhav,Kalyan,Pancham - Rishabh,R; P; n; - n; P; R;,"R M P ; M P n P ; M R S; ,n ,P ,n S;",TRUE,FALSE,TRUE,FALSE,FALSE,FALSE,TRUE,TRUE,FALSE,FALSE,TRUE,FALSE
Dhanashree (Bhairavi Ang),https://tanarang.com/wordpress/raag-dhanashree-bhairavi-ang/,3rd Prahar of the Day (12PM to 3PM),",n S g m P n S' - S' n d P m P g m g r S",,"Rishabh and Dhaivat Varjya in Aaroh. Rishabh, Gandhar, Dhaivat and Nishad Komal. Rest all Shuddha Swaras.",Audhav - Sampurna,Bhairavi,Pancham - Shadj,S; P; - S'; P; g;,S; g m P n d P ; P d m P g ; m g r S ; g m P g r S ;,TRUE,TRUE,FALSE,TRUE,FALSE,TRUE,FALSE,TRUE,TRUE,FALSE,TRUE,FALSE
Dhani,https://tanarang.com/wordpress/raag-dhani/,Sarv Kalik or 3rd Prahar of the Day (12PM to 3PM),S g m P n S' - S' n P m g S,,Rishabh and Dhaivat Varjya. Gandhar and Nishad Komal. Rest all Shuddha Swaras.,Audhav - Audhav,Kafi,Gandhar - Nishad,g; n;,",n S g ; S g m P g ; n P g S ;",TRUE,FALSE,FALSE,TRUE,FALSE,TRUE,FALSE,TRUE,FALSE,FALSE,TRUE,FALSE
Durga,https://tanarang.com/wordpress/raag-durga/,2nd Prahar of the Night (9PM to 12AM),"S R m P D S' - S' D P D m R S ,D S",,Gandhar and Nishad Varjya. Rest all Shuddha Swaras.,Audhav - Audhav,Bilawal,Madhyam - Shadj,S; R; P; D; - S'; D; m; R;,"m P D ; m R ,D S ; R R P;",TRUE,FALSE,TRUE,FALSE,FALSE,TRUE,FALSE,TRUE,FALSE,TRUE,FALSE,FALSE
Gaud Malhar,https://tanarang.com/wordpress/raag-gaud-malhar/,2nd Prahar of the Night (9PM to 12AM) or Anytime in Rainy Season.,S R G m ; R P ; m P D N S' - S' n D n P m ; G R G (R)S ; R G m,,Both Nishads. Rest All Shuddha Swaras.,Sampurna - Sampurna Vakra,Bilawal,Madhyam - Shadj,S; m; P; - S'; P; m;,S R G m ; R G m G m ; G R G (R)S ; m P D n P ; m P D N S' ;,TRUE,FALSE,TRUE,FALSE,TRUE,TRUE,FALSE,TRUE,FALSE,TRUE,TRUE,TRUE
Gaud Sarang,https://tanarang.com/wordpress/raag-gaud-sarang/,3rd Prahar of the Day (12PM to 3PM),"S G R m G D P N D S' or ,N S G R m G; P M D M P S'; - S' N D P M P D P G R m G P R S or S' N D P M P m g ; m g R m G P R S;",,Both Madhyams. Rest all Shuddha Swaras.,Sampurna - Sampurna Vakra,Kalyan,Gandhar - Dhaivat,G; P; S'; - S'; P; G;,S G R m G P R S ; m G P ; D P S' ; S' D P m G ; G R m G P R S ;,TRUE,TRUE,TRUE,TRUE,TRUE,TRUE,TRUE,TRUE,FALSE,TRUE,FALSE,TRUE
Gauri (Bhairav Ang),https://tanarang.com/wordpress/raag-gauri-bhairav-ang/,4th Prahar of the Day (3PM to 6PM),"S r ,N S; S r G m P d P; P d N S' - S' N d P m G; r G m G r; S r ,N S; ,d ,N ,d S ,N S",,Rishabh and Dhaivat Komal. Rest All Shuddha Swaras.,Sampurna - Sampurna Vakra,Bhairav,Rishabh - Pancham,,"S r S ,N S G r; m G r S r ,N S;",TRUE,TRUE,FALSE,FALSE,TRUE,TRUE,FALSE,TRUE,TRUE,FALSE,FALSE,TRUE
Gopika Basant,https://tanarang.com/wordpress/raag-gopika-basant/,1st Prahar of the Day (6AM to 9AM),"S g m P m g g m d n S' - S' n d m P g m P m g S; ,d ,n S g m g S",,"Rishabh Varjya. Gandhar, Dhaivat and Nishad Komal. Rest all Shuddha Swaras.",Shadhav - Shadhav Vakra,Asawari,Shadj - Pancham,S m - S' P g;,",d ,n S g m P ; n d m P g m g S ; g m d n d P ; d m P g m g S ; ,d ,n S;",TRUE,FALSE,FALSE,TRUE,FALSE,TRUE,FALSE,TRUE,TRUE,FALSE,TRUE,FALSE
Gorakh Kalyan,https://tanarang.com/wordpress/raag-gorakh-kalyan/,2nd Prahar of the Night (9PM to 12AM),"S R m D S' - S' n D m R S ,n ; ,n ,D R S",,Gandhar and Pancham Varjya. Nishad Varjya in Aaroh. Nishad Komal in Avroh. Rest all Shuddha Swaras.,Audhav - Audhav,Khamaj,Madhyam - Shadj,"S; m; D; - D; m; R; ,n;","S R m ; R m R S ,n ; ,n D S ; R m D n D S' ; S' n D m R ; m R S ,n ; ,n ,D R S;",TRUE,FALSE,TRUE,FALSE,FALSE,TRUE,FALSE,FALSE,FALSE,TRUE,TRUE,FALSE
Gunkali,https://tanarang.com/wordpress/raag-gunkali/,1st Prahar of the Day (6AM to 9AM),"S r m P d S' - S' d P m r r S ,d S",,Gandhar and Nishad Varjya. Rishabh and Dhaivat Komal. Rest all Shuddha Swaras.,Audhav - Audhav,Bhairav,Dhaivat - Rishabh,S; r; d; - d; r; S;,"S r m P d ; P d m r ; r S ,d S ; m P d d S' ; d P d m ; P m r S ;",TRUE,TRUE,FALSE,FALSE,FALSE,TRUE,FALSE,TRUE,TRUE,FALSE,FALSE,FALSE
Gurjari Todi,https://tanarang.com/wordpress/raag-gurjari-todi/,2nd Prahar of the Day (9AM to 12PM),"S r g M d N S' - S' N d M d M g r g r S; ,d ,N S",,"Pancham Varjya. Rishabh, Gandhar and Dhaivat Komal. Madhyam Teevra. Rest all Shuddha Swaras.",Shadhav - Shadhav,Todi,Dhaivat - Rishabh,r; g; d; S’;,"S r ,N ,d S ; r g M d ; M d N d ; N d M g r ; g r S;",TRUE,TRUE,FALSE,TRUE,FALSE,FALSE,TRUE,FALSE,TRUE,FALSE,FALSE,TRUE
Hameer,https://tanarang.com/wordpress/raag-hameer/,2nd Prahar of the Night (9PM to 12AM),S G m D ; N D S'; or S G m N D P ; G m D N S' - S' N D P M P D P G m P G m R S; or S' N D P G m R S,,Rishabh and Pancham Varjya in Aaroh. Both Madhyams. Rest all Shuddha Swaras.,Audhav - Sampurna Vakra,Kalyan,Dhaivat - Gandhar,S; D; S'; - S'; D; P; R;,P ; G m N D ; D P ; G m P G m R S;,TRUE,TRUE,TRUE,FALSE,TRUE,TRUE,TRUE,TRUE,FALSE,TRUE,FALSE,TRUE
Hansdhwani,https://tanarang.com/wordpress/raag-hansdhwani/,2nd Prahar of the Night (9PM to 12AM),"S R G P N S' - S' N P G R S ,N ,P ,N R S",,Madhyam and Dhaivat Varjya. Rest all Shuddha Swaras.,Audhav - Audhav,Bilawal,Shadj - Pancham,G P N - S' N P G;,",N RG P G R G P N S'; S' N P G R G P G R S;",TRUE,FALSE,TRUE,FALSE,TRUE,FALSE,FALSE,TRUE,FALSE,FALSE,FALSE,TRUE
Hanskinkini,https://tanarang.com/wordpress/raag-hanskinkini/,3rd Prahar of the Day (12PM to 3PM),",N S G m P N S' - S' n D P m P G m P g R S ,N S",,Rishabh and Dhaivat Varjya in Aaroh. Both Gandhars. Both Nishads. Rest All Shuddha Swaras.,Audhav - Sampurna Vakra,Kafi,Pancham - Shadj,R; P; N; - S'; N; P; R;,"G m D P ; m P g R S ; ,N S G m P P ; m P ; m n D P ; D P m P ; G m D P g R S ;",TRUE,FALSE,TRUE,TRUE,TRUE,TRUE,FALSE,TRUE,FALSE,TRUE,TRUE,TRUE
Harikauns,https://tanarang.com/wordpress/raag-harikauns/,2nd Prahar of the Night (9PM to 12AM),S g M D n S' - S' n D M g S,,Rishabh and Pancham Varjya. Gandhar and Nishad Komal. Madhyam Teevra. Rest all Shuddha Swaras.,Audhav - Audhav,Kafi,Gandhar - Nishad,S; g; D; - D; g; S;,"S ,D ,n S ; g M g S ; g M D n S' ; S' n D M g S ; g M g S ,n S ,D ,n g S;",TRUE,FALSE,FALSE,TRUE,FALSE,FALSE,TRUE,FALSE,FALSE,TRUE,TRUE,FALSE
Hemant,https://tanarang.com/wordpress/raag-hemant/,2nd Prahar of the Night (9PM to 12AM),S G m D N S' - S' N D P m G R S,,Rishabh and Pancham Varjya in Aaroh. Rest all Shuddha Swaras.,Audhav - Sampurna,Bilawal,Madhyam - Shadj,S; G; m; D; N;,G m D N D ; m (P)m ; N D (P)m ; G m G R S ; G m D P m G R S;,TRUE,FALSE,TRUE,FALSE,TRUE,TRUE,FALSE,TRUE,FALSE,TRUE,FALSE,TRUE
Hemshree,https://tanarang.com/wordpress/raag-hemshree/,2nd Prahar of the Night (9PM to 12AM),",N S g m P N S' - S' n P m g m g S ,N ,N S",,Rishabh and Dhaivat Varjya. Gandhar Komal. Both Nishads. Rest all Shuddha Swaras.,Audhav - Audhav,Kafi,Nishad - Gandhar,S; m; P; - S'; P; m;,",N S g m P ; m g S g ,N S ; g m P S' ; n P ; m ; Pm gm P ; g P m g S g ,NS;",TRUE,FALSE,FALSE,TRUE,FALSE,TRUE,FALSE,TRUE,FALSE,FALSE,TRUE,TRUE
Hindol,https://tanarang.com/wordpress/raag-hindol/,3rd Prahar of the Night (12AM to 3AM),"S G M D N M D S' - S' N D M G M G S ,D S",,Rishabh and Pancham Varjya. Madhyam Teevra. Rest all Shuddha Swaras.,Audhav - Audhav Vakra,Kalyan,Dhaivat - Gandhar,G; D; S'; - D; G;,"D D N M D S' ; D M G ; S ,D ,D S;",TRUE,FALSE,FALSE,FALSE,TRUE,FALSE,TRUE,FALSE,FALSE,TRUE,FALSE,TRUE
Jaijaivanti,https://tanarang.com/wordpress/raag-jaijaivanti/,2nd Prahar of the Night (9PM to 12AM),"S ,D ,n R; R g R S; G m P m G R ; R m P N S' - S' n D P m G R g R S; ,N S ,D ,n R S",,Gandhar and Dhaivat Varjya in Aaroh. Both Gandhars. Both Nishads. Rest all Shuddha Swaras.,Audhav - Sampurna Vakra,Kafi,Rishabh - Pancham,S R P N - S' P R;,",D,n R ; R g R S ; ,N S ; R m P N ; n D P;",TRUE,FALSE,TRUE,TRUE,TRUE,TRUE,FALSE,TRUE,FALSE,TRUE,TRUE,TRUE
Jaldhar Kedar,https://tanarang.com/wordpress/raag-jaldhar-kedar/,2nd Prahar of the Night (9PM to 12AM),S R m P D S' - S' D P m R S,,Gandhar and Nishad Varjya. Rest all Shuddha Swaras.,Audhav - Audhav,Bilawal,Madhyam - Shadj,m; S;,S R S m ; m R P m ; m P D S' ; R' S' D P m ; P m R S ;,TRUE,FALSE,TRUE,FALSE,FALSE,TRUE,FALSE,TRUE,FALSE,TRUE,FALSE,FALSE
Jaunpuri,https://tanarang.com/wordpress/raag-jaunpuri/,2nd Prahar of the Day (9AM to 12PM),S R m P d n S' - S' n d P m g R S,,"Gandhar Varjya in Aaroh. Gandhar, Dhaivat and Nishad Komal. Rest all Shuddha Swaras.",Shadhav - Sampurna,Asawari,Dhaivat - Gandhar,R; P; d; S'; - d; P; g; R;,"R m P , d m P S' ; R' n d P ; m P n d P ; d m P g R m P ;",TRUE,FALSE,TRUE,TRUE,FALSE,TRUE,FALSE,TRUE,TRUE,FALSE,TRUE,FALSE
Jayat,https://tanarang.com/wordpress/raag-jayat/,4th Prahar of the Day (3PM to 6PM) or Sandhi Prakash Raag,S r G P D P S' - S' P D P ; P D G P; P G r S,,Madhyam and Nishad Varjya in Aaroh. Rishabh Komal. Rest all Shuddha Swaras.,Audhav - Audhav,Marwa,Pancham - Shadj,S; G; P;,P D P S'; S' P ; P D G P ; P G r S;,TRUE,TRUE,FALSE,FALSE,TRUE,FALSE,FALSE,TRUE,FALSE,TRUE,FALSE,FALSE
Jhinjhoti,https://tanarang.com/wordpress/raag-jhinjhoti/,2nd Prahar of the Night (9PM to 12AM),S R m P D S'; - S' n D P m G R G S;,,Nishad Varjya in Aaroh. Nishad Komal in Avroh. Rest all Shuddha Swaras.,Shadhav - Sampurna Vakra,Khamaj,Gandhar - Nishad,S; P; D; - S'; P; G;,",D S R m G ; R G S R ,n ,D ,P ,D S ; ,P ,D S R G m G ; m G R S ; R ,n ,D S ;",TRUE,FALSE,TRUE,FALSE,TRUE,TRUE,FALSE,TRUE,FALSE,TRUE,TRUE,FALSE
Jog,https://tanarang.com/wordpress/raag-jog/,2nd Prahar of the Night (9PM to 12AM),"S G m P n S'; - S' n P m g S; ,n S;",,"Rishabh and Dhaivat Varjya. Nishad Komal, Both Gandhars. Rest all Shuddha Swaras.",Audhav - Audhav,Kafi,Madhyam - Shadj,G; m; P; - P; m; G;,G m P n P ; P n P m G m ; G m g S;,TRUE,FALSE,FALSE,TRUE,TRUE,TRUE,FALSE,TRUE,FALSE,FALSE,TRUE,FALSE
Jogeshwari,https://tanarang.com/wordpress/raag-jogeshwari/,2nd Prahar of the Night (9PM to 12AM),S G m D n S'; - S' n D m G m g S;,,Rishabh and Pancham Varjya. Nishad Komal. Both Gandhars. Rest all Shuddha Swaras.,Audhav - Audhav,Kafi,Madhyam - Shadj,S; G m; D; - D; m; G; S;,"S G m g S ; ,n ,D ; ,m ,D ,n S ; S G m ; n D m ; D n S' ; S' D ; n m ; D G ; m g S ;",TRUE,FALSE,FALSE,TRUE,TRUE,TRUE,FALSE,FALSE,FALSE,TRUE,TRUE,FALSE
Pancham Jogeshwari,https://tanarang.com/wordpress/raag-pancham-jogeshwari/,2nd Prahar of the Night (9PM to 12AM),S G m D n S' - S' n D m G m P m g S,,"Rishabh Varjya. Pancham Varjya in Aaroh. Nishad Komal, Both Gandhars. Rest all Shuddha Swaras.",Audhav - Shadhav,Kafi,Madhyam - Shadj,S; G m; D; - D; m; G; S;,"S G m g S ; ,n ,D ; ,m ,D ,n S ; S G m ; m P m g S ; n D m ; D n S' ; S' D ; n D ; D m ; P m g S ;",TRUE,FALSE,FALSE,TRUE,TRUE,TRUE,FALSE,TRUE,FALSE,TRUE,TRUE,FALSE
Jogiya,https://tanarang.com/wordpress/raag-jogiya/,1st Prahar of the Day (6AM to 9AM) or Brahm Muhurt,S r m P d S'; - S' N d P ; m m r S ;,,"Gandhar and Nishad Varjya in Aaroh, Gandhar Varjya in Avroh. Rishabh and Dhaivat Komal. Rest all Shuddha Swaras.",Audhav - Shadhav,Bhairav,Madhyam - Shadj,S; m; P; d; - S'; d; m; r;,r m m ; m P d ; P d N d P ; P d m r S;,TRUE,TRUE,FALSE,FALSE,FALSE,TRUE,FALSE,TRUE,TRUE,FALSE,FALSE,TRUE
Jogkauns,https://tanarang.com/wordpress/raag-jogkauns/,3rd Prahar of the Night (12AM to 3AM),S G m d N S'; - S' N d P m ; P d n d P m ; G m (S)g S ;,,"Rishabh Varjya. Both Nishads, Both Gandhars, Dhaivat Komal. Rest all Shuddha Swaras.",Shadhav - Shadhav Vakra,Bhairavi,Madhyam - Shadj,S; m; - m; S;,G m ; G m P m ; G m d N S' ; S' N d ; P d n d m P m ; G m (S)g S ;,TRUE,FALSE,FALSE,TRUE,TRUE,TRUE,FALSE,TRUE,TRUE,FALSE,TRUE,TRUE
Kafi,https://tanarang.com/wordpress/raag-kafi/,2nd Prahar of the Night (9PM to 12AM),S R g m P D n S'; - S' n D P m g R S;,,Gandhar and Nishad Komal. Rest all Shuddha Swaras.,Sampurna - Sampurna,Kafi,Pancham - Shadj,S P - S' P R;,g R ; m P ; m P D P ; D n S' ; n D P;,TRUE,FALSE,TRUE,TRUE,FALSE,TRUE,FALSE,TRUE,FALSE,TRUE,TRUE,FALSE
Kalawati,https://tanarang.com/wordpress/raag-kalawati/,2nd Prahar of the Night (9PM to 12AM),"S G P D n S'; - S' n D P G P G S ; ,n ,D S ;",,Rishabh and Madhyam Varjya. Nishad Komal. Rest all Shuddha Swar.,Audhav - Audhav,Khamaj,Pancham - Shadj,G D - D G;,S G P D ; P D n D ; D P ; G P D S n ; D n S ; n P ; D G ; P G S ; n D S ;,TRUE,FALSE,FALSE,FALSE,TRUE,FALSE,FALSE,TRUE,FALSE,TRUE,TRUE,FALSE
Kamod,https://tanarang.com/wordpress/raag-kamod/,1st Prahar of the Night (6PM to 9PM),S R P ; G m R S ; m R P ; D N S'; - S' N D P ; M P D P ; G m P ; G m R S;,,Both Madhyams. Rest all Shuddha Swaras.,Sampurna - Sampurna Vakra,Kalyan,Pancham - Rishabh,S; R; P; - S'; P; R;,S (m)R R P ; G m P G m R S ; S' R' S' ; D D P ; m R P ; D M P ; G m R S;,TRUE,FALSE,TRUE,FALSE,TRUE,TRUE,TRUE,TRUE,FALSE,TRUE,FALSE,TRUE
Kaushik Dhwani (Bhinn Shadj),https://tanarang.com/wordpress/raag-kaushik-dhwani-raag-bhinn-shadj/,2nd Prahar of the Night (9PM to 12AM),S G m D N S'; - S' N D m G S;,,Rishabh and Pancham Varjya. Rest all Shuddha Swaras.,Audhav - Audhav,Bilawal,Madhyam - Shadj,S; G; m; D; N;,G m D N D S' ; N S' D ; G m ; D m G S ;,TRUE,FALSE,FALSE,FALSE,TRUE,TRUE,FALSE,FALSE,FALSE,TRUE,FALSE,TRUE
Kausi Kanada,https://tanarang.com/wordpress/raag-kausi-kanada/,3rd Prahar of the Night (12AM to 3AM),",n S g m d n S'; - S' n d P m g R g m R S;",,"Gandhar, Dhaivat and Nishad Komal. Rishabh and Pancham Varjya in Aaroh. Rest all Shuddha Swaras.",Shadhav - Sampurna Vakra,Asawari,Madhyam - Shadj,S; m; - S'; m;,"g m d P ; m g R ; g m S ; g m P m g R ; g S ,d ,n R S;",TRUE,FALSE,TRUE,TRUE,FALSE,TRUE,FALSE,TRUE,TRUE,FALSE,TRUE,FALSE
Kedar,https://tanarang.com/wordpress/raag-kedar/,1st Prahar of the Night (6PM to 9PM),S M P D N S'; - S' N D P ; M P D P ; m m R S;,,Rishabh and Gandhar Varjya in Aaroh. Both Madhyams. Rest all Shuddha Swaras.,Audhav - Sampurna Vakra,Kalyan,Madhyam - Shadj,S; m; P; - S'; P; m;,S m ; m P; M P D P m ; S R S ; M P D P M ; P S'; S' R' S' S' D D P;,TRUE,FALSE,TRUE,FALSE,FALSE,TRUE,TRUE,TRUE,FALSE,TRUE,FALSE,TRUE
Khamaj,https://tanarang.com/wordpress/raag-khamaj/,2nd Prahar of the Night (9PM to 12AM),"S G m P D N S'; - S' n D P m G R G S ,N S G m P;",,"Rishabh Varjya in Aaroh, Both Nishads. Rest all Shuddha Swaras.",Shadhav - Sampurna,Khamaj,Gandhar - Nishad,S m P - S' P G;,G m P D; G m G; P S' N S'; n D p; m P m G; R S;,TRUE,FALSE,TRUE,FALSE,TRUE,TRUE,FALSE,TRUE,FALSE,TRUE,TRUE,TRUE
Khambavati,https://tanarang.com/wordpress/raag-khambavati/,2nd Prahar of the Night (9PM to 12AM),"S R m P D S'; - S' n D P D ; m P ; G m S ; R ,n ,D S;",,"Nishad Varjya in Aaroh, Nishad Komal in Avroh. Rest All Shuddha Swaras.",Shadhav - Sampurna Vakra,Khamaj,Gandhar - Dhaivat,S; P; - D; P; G; S;,"S R m G m S ; R m P D ; n n D P D P ; m P D S' ; P D S' R' G' S'; R' n D S' ; D m P ; G m S ; R ,n ,D S;",TRUE,FALSE,TRUE,FALSE,TRUE,TRUE,FALSE,TRUE,FALSE,TRUE,TRUE,FALSE
Kirwani,https://tanarang.com/wordpress/raag-keervani/,2nd Prahar of the Night (9PM to 12AM),S R g m P d N S'; - S' N d P m g R S;,,Gandhar and Dhaivat Komal. Rest all Shuddha Swaras.,Sampurna - Sampurna,Not Defined,Pancham - Shadj,S R P - S' P R;,"P d S' ; S' N S' R' g' R' S' N d P ; d P m P ; P m g R ; g m ; g R S ,N ,d ,N R S ;",TRUE,FALSE,TRUE,TRUE,FALSE,TRUE,FALSE,TRUE,TRUE,FALSE,FALSE,TRUE
Komal Rishabh Asawari,https://tanarang.com/wordpress/raag-komal-rishabh-asawari/,2nd Prahar of the Day (9AM to 12PM),"S r m P d S'; - S' r' n d m P d m g r g r ,n ,d r S;",,"Gandhar, Nishad Varjya in Aaroh. Pancham Varjya in Avroh. Rishabh, Gandhar, Dhaivat, Nishad Komal. Rest all Shuddha Swaras.",Audhav - Shadhav Vakra,Bhairavi,Dhaivat - Rishabh,S; m; P; d; - d; m; r;,m P d S' ; r' n d m g r ; g r S;,TRUE,TRUE,FALSE,TRUE,FALSE,TRUE,FALSE,TRUE,TRUE,FALSE,TRUE,FALSE
Lalit,https://tanarang.com/wordpress/raag-lalit/,4th Prahar of the Night (3AM to 6AM),",N r G M d N S'; - S' N d; M d M m; G M G r S;",,Pancham Varjya. Rishabh and Dhaivat Komal. Both Madhyam. Rest all Shuddha Swaras.,Shadhav - Shadhav Vakra,Poorvi,Shuddha Madhyam - Shadj,S; G; m; - S'; m; G;,",N r G m M m G r S ; G M d N d M m; r' N d M m; G m M m; G; M G r S;",TRUE,TRUE,FALSE,FALSE,TRUE,TRUE,TRUE,FALSE,TRUE,FALSE,FALSE,TRUE
Lanka Dahan Sarang,https://tanarang.com/wordpress/raag-lanka-dahan-sarang/,2nd Prahar of the Day (9AM to 12PM),"S R m P N S'; - S' n D P ; m P D P ; g R g R S ,N S;",,Gandhar and Dhaivat Varjya in Aaroh. Gandhar Komal in Avroh. Both Nishads. Rest all Shuddha Swars.,Audhav - Sampurna Vakra,Kafi,Shadj - Madhyam,R; P; S' - S'; P; R;,"m P S' ; n P ; m P ; R g R S ; ,n ,P ,m ,P ,N S;",TRUE,FALSE,TRUE,TRUE,FALSE,TRUE,FALSE,TRUE,FALSE,TRUE,TRUE,TRUE
Madhukauns,https://tanarang.com/wordpress/raag-madhukauns/,2nd Prahar of the Night (9PM to 12AM),S g M P n S' - S' n P M g S,,Rishabh and Dhaivat Varjya. Gandhar and Nishad Komal. Madhyam Teevra.,Audhav - Audhav,Kafi,Pancham - Shadj,M P S' - P M S;,S g M ; P M g M P ; M P n S' ; S' n P M ; g M g S;,TRUE,FALSE,FALSE,TRUE,FALSE,FALSE,TRUE,TRUE,FALSE,FALSE,TRUE,FALSE
Madhumad Sarang,https://tanarang.com/wordpress/raag-madhumad-sarang/,3rd Prahar of the Day (12PM to 3PM),",n S; R m P n S'; - S' n P m R S ;",,"Gandhar and Dhaivat Varjya, Nishad Komal. Rest all Shuddha Swaras.",Audhav - Audhav,Kafi,Rishabh - Pancham,S; P; - S'; P;,",n S R ; m R ; P m R ; n P m R ; P m R S ;",TRUE,FALSE,TRUE,FALSE,FALSE,TRUE,FALSE,TRUE,FALSE,FALSE,TRUE,FALSE
Madhuvanti,https://tanarang.com/wordpress/raag-madhuvanti/,4th Prahar of the Day (3PM to 6PM),",N S g M P N S'; - S' N D P M g M g R S ,N S;",,"Rishabh and Dhaivat Varjya in Aaroh. Gandhar Komal, Madhyam Teevra. Rest all Shuddha Swaras.",Audhav - Sampurna,Todi,Pancham - Shadj,S; g; P; N; - S'; N; P; R;,",N S M g M P; M g S R S;",TRUE,FALSE,TRUE,TRUE,FALSE,FALSE,TRUE,TRUE,FALSE,TRUE,FALSE,TRUE
Malgunji,https://tanarang.com/wordpress/raag-malgunji/,3rd Prahar of the Night (12AM to 3AM),S R G m D n S'; - S' n D P m G R G m g R S ;,,"Pancham Varjya in Aaroh. Both Nishads, Both Gandhars. Rest all Shuddha Swaras.",Shadhav - Sampurna Vakra,Kafi,Madhyam - Shadj,S; m; - m; S;,"G m g R S ; ,n S ; ,D ,n S R G m ;",TRUE,FALSE,TRUE,TRUE,TRUE,TRUE,FALSE,TRUE,FALSE,TRUE,TRUE,FALSE
Malhar,https://tanarang.com/wordpress/raag-malhar-raag-miya-malhar/,2nd Prahar of the Night (9PM to 12AM) or Anytime in Rainy Season.,",N S; m R P ; g m R S; m R P n D N S'; - S' n D n P; m P g g m R S;",,"Dhaivat Varjya in Avroh. Gandhar Komal, Both Nishads. Rest all Shuddha Swaras.",Sampurna - Shadhav Vakra,Kafi,Pancham - Shadj,S R P N - S' P R;,"S R; R P; g g m R S; ,n D ,N ,N S;",TRUE,FALSE,TRUE,TRUE,FALSE,TRUE,FALSE,TRUE,FALSE,TRUE,TRUE,TRUE
Malkauns,https://tanarang.com/wordpress/raag-malkauns/,3rd Prahar of the Night (12AM to 3AM),S g m d n S'; - S' n d m g S;,,"Rishabh and Pancham Varjya. Gandhar, Dhaivat and Nishad Komal. Rest all Shuddha Swaras.",Audhav - Audhav,Bhairavi,Madhyam - Shadj,S g m - m g S;,",d ,n S g m; g m n d m; d n S'; g’ S’ n d;",TRUE,FALSE,FALSE,TRUE,FALSE,TRUE,FALSE,FALSE,TRUE,FALSE,TRUE,FALSE
Mand,https://tanarang.com/wordpress/raag-mand/,2nd Prahar of the Night (9PM to 12AM),S R G m P D N P D S'; - S' N D P m G R G S;,,All Shuddha Swaras.,Sampurna - Sampurna Vakra,Bilawal,Shadj - Pancham,S m P - S' D m G;,G m P D S' N D; D P m; m P G R G S;,TRUE,FALSE,TRUE,FALSE,TRUE,TRUE,FALSE,TRUE,FALSE,TRUE,FALSE,TRUE
Maru Bihag,https://tanarang.com/wordpress/raag-maru-bihag/,2nd Prahar of the Night (9PM to 12AM),S G M P N S'; - S' N D P M G M G R S;,,Rishabh and Dhaivat Varjya in Aaroh. Madhyam Teevra (with rare use of Madhyam Shuddha). Rest all Shuddha Swaras.,Audhav - Sampurna,Kalyan,Pancham - Shadj,G P N - S' D P G R;,"M G ; M G R S ; S ,N S ; m G P ; M G M G R S ;",TRUE,FALSE,TRUE,FALSE,TRUE,FALSE,TRUE,TRUE,FALSE,TRUE,FALSE,TRUE
Marwa,https://tanarang.com/wordpress/raag-marwa/,4th Prahar of the Day (3PM to 6PM),"S ,D ,N r G M D N S'; - S' N D M G r S ; ,N ,D S ,N r S ;",,"Pancham Varjya. Rishabh Komal, Madhyam Teevra. Rest all Shuddha Swaras.",Shadhav - Shadhav,Marwa,Rishabh - Dhaivat,r; D; - D; r;,"S ; ,N ,D S ,N r ; r G M D ; D M G r ; ,N ,D r S ;",TRUE,TRUE,FALSE,FALSE,TRUE,FALSE,TRUE,FALSE,FALSE,TRUE,FALSE,TRUE
Megh Malhar,https://tanarang.com/wordpress/raag-megh-malhar-or-raag-megh/,Anytime in Rainy Season,"S (m)R m P ,n S'; - S' n P m R S; R ,n S;",,Gandhar and Dhaivat Varjya. Nishad Komal. Rest all Shuddha Swaras.,Audhav - Audhav,Kafi,Madhyam - Shadj,S; m; P; - P; m; R;,",n S R P m R ; m P m R ; m P ; P m n P m R ; R R P m R R S ,n S;",TRUE,FALSE,TRUE,FALSE,FALSE,TRUE,FALSE,TRUE,FALSE,FALSE,TRUE,FALSE
Mohankauns,https://tanarang.com/wordpress/raag-mohankauns-different-flavour/,2nd Prahar of the Night (9PM to 12AM),S G m d n S' - S' n d m g S,,Rishabh and Pancham Varjya. Both Gandhars. Dhaivat and Nishad Komal. Rest all Shuddha Swaras.,Audhav - Audhav,Bhairavi,Madhyam - Shadj,S; G; m; d; n; - n; d; m; S;,"S G m g S ; ,n ,d ; ,n S ; S m G ; m d n d m G ; m G g S;",TRUE,FALSE,FALSE,TRUE,TRUE,TRUE,FALSE,FALSE,TRUE,FALSE,TRUE,FALSE
Multani,https://tanarang.com/wordpress/raag-multani/,3rd Prahar of the Day (12PM to 3PM),",N S g M P N S'; - S' N d P M g r S;",,"Rishabh and Dhaivat Varjya in Aaroh. Rishabh, Gandhar and Dhaivat Komal. Madhyam Teevra. Rest all Shuddha Swaras.",Audhav - Sampurna,Todi,Pancham - Shadj,S; g; P; N; - N; P; g; S;,",N S ; M g ; M g P ; M g M g r S ;",TRUE,TRUE,FALSE,TRUE,FALSE,FALSE,TRUE,TRUE,TRUE,FALSE,FALSE,TRUE
Nand,https://tanarang.com/wordpress/raag-nand/,2nd Prahar of the Night (9PM to 12AM),S G m D P R S ; G m P N S'; - S D N P ; D M P G ; G m D P R S ;,,"Rishabh Varjya in Aaroh, Both Madhyams. Rest all Shuddha Swaras.",Shadhav - Sampurna Vakra,Kalyan,Shadj - Pancham,S; G; m; P; - P; m; G; S;,S G m D P R S ; G m P D N ; (D)P ; P D (P) m m P ; G m D P R S ;,TRUE,FALSE,TRUE,FALSE,TRUE,TRUE,TRUE,TRUE,FALSE,TRUE,FALSE,TRUE
Narayani,https://tanarang.com/wordpress/raag-narayani/,2nd Prahar of the Night (9PM to 12AM),S R m P D S'; - S' n D P m R S;,,"Gandhar and Nishad Varjya in Aaroh, Gandhar Varjya in Avroh. Nishad Komal in Avroh. Rest all Shuddha Swaras.",Audhav - Shadhav,Khamaj,Shadj - Pancham,S; P; - P; S;,"S R ,n ,D ,P ; ,m ,P ,D S ; m R ; m R S ; S R P ; m P n D D P ; D P m R S ;",TRUE,FALSE,TRUE,FALSE,FALSE,TRUE,FALSE,TRUE,FALSE,TRUE,TRUE,FALSE
Nayaki Kanada,https://tanarang.com/wordpress/raag-nayaki-kanada/,2nd Prahar of the Night (9PM to 12AM),S R (m)g m P n P S'; - S' n P n P m P (m)g g m R S;,,"Dhaivat Varjya. Gandhar, Nishad Komal. Rest All Shuddha Swaras.",Shadhav - Shadhav Vakra,Kafi,Madhyam - Shadj,R; P; - P; m; R;,"R ,n S R P (m)g ; g m P m R S R S ; g m n P ; n m P (m)g m P m R S R R S; m P n P S'; P n P; g m R S;",TRUE,FALSE,TRUE,TRUE,FALSE,TRUE,FALSE,TRUE,FALSE,FALSE,TRUE,FALSE
Nut Bhairav,https://tanarang.com/wordpress/raag-nut-bhairav/,1st Prahar of the Day (6AM to 9AM),S R G m P d N S'; - S' N d P m G R S;,,Dhaivat Komal. Rest all Shuddha Swaras.,Sampurna - Sampurna,Bhairav,Madhyam - Shadj,R; m; d; - d; m; R;,"R G m d P ; m G R ; G m R S ,N ,d S ;",TRUE,FALSE,TRUE,FALSE,TRUE,TRUE,FALSE,TRUE,TRUE,FALSE,FALSE,TRUE
Parameshwari,https://tanarang.com/wordpress/raag-parmeshwari/,2nd Prahar of the Day (9AM to 12PM),S r g m D n S'; - S' n D m g r S;,,"Pancham Varjya. Rishabh, Gandhar and Nishad Komal. Rest all Shuddha Swaras.",Shadhav - Shadhav,Not Defined,Madhyam - Shadj,r; m; D; - D; m; r;,"S r g m D m ; g m D m g r ; g r ,n ,d ; ,d ,n r S ;",TRUE,TRUE,FALSE,TRUE,FALSE,TRUE,FALSE,FALSE,FALSE,TRUE,TRUE,FALSE
Patdeep,https://tanarang.com/wordpress/raag-patdeep/,3rd Prahar of the Day (12PM to 3PM),",N S g m P N S'; - S' N D P m g R S ,N S;",,Rishabh and Dhaivat Varjya in Aaroh. Gandhar Komal. Rest All Shuddha Swaras.,Audhav - Sampurna,Kafi,Pancham - Shadj,g; P; N; – D; P; R;,"g m P N S' D P ; mg mP N N N S' ; D P m g m P ; P g m ; g R S ,N ,N S;",TRUE,FALSE,TRUE,TRUE,FALSE,TRUE,FALSE,TRUE,FALSE,TRUE,FALSE,TRUE
Pilu,https://tanarang.com/wordpress/raag-pilu/,3rd Prahar of the Day (12PM to 3PM),"S G m P N S'; - S' n D P m g R S ; ,N S g R S ;",,"Rishabh and Dhaivat Varjya in Aaroh. Both Gandhars, Both Dhaivats, Both Nishads. Rest all Shuddha Swaras.",Audhav - Sampurna,Kafi,Gandhar - Nishad,S; G; P; N; - n; P; g;,"G m P N S' ; n D P ; m P N d P ; m g R S ; P g R S ,N ; S g R S ;",TRUE,FALSE,TRUE,TRUE,TRUE,TRUE,FALSE,TRUE,FALSE,TRUE,TRUE,TRUE
Puriya,https://tanarang.com/wordpress/raag-puriya/,2nd Prahar of the Night (9PM to 12AM),",N r G M D N S'; - S' N D M ; G M D ; G M G r S;",,"Pancham Varjya. Rishabh Komal, Madhyam Teevra. Rest all Shuddha Swaras.",Shadhav - Shadhav,Marwa,Gandhar - Nishad,G; N; - N; G;,"N R G ; G M D G M G ; N M G ; G M G r S ; ,N ,M ,D S ; ,N r G r S ;",TRUE,TRUE,FALSE,FALSE,TRUE,FALSE,TRUE,FALSE,FALSE,TRUE,FALSE,TRUE
Puriya Dhanashree,https://tanarang.com/wordpress/raag-puriya-dhanashree/,4th Prahar of the Day (3PM to 6PM),",N r S ; ,N r G M P ; M d N S' - S' N d P M G M r G r S",,Rishabh and Dhaivat Komal. Madhyam Teevra. Rest all Shuddha Swaras.,Sampurna - Sampurna Vakra,Poorvi,Pancham - Shadj,S; G; P; N; - S'; P; G; r;,",N r G M P ; P M G M r G ; M d P ; M d N S'; N r' ; N d P ; P d P P M G M r G ; r S;",TRUE,TRUE,FALSE,FALSE,TRUE,FALSE,TRUE,TRUE,TRUE,FALSE,FALSE,TRUE
Puriya Kalyan,https://tanarang.com/wordpress/raag-puriya-kalyan/,4th Prahar of the Day (3PM to 6PM),S r G M P D N S' - S' N D P M G r G r S,,"Rishabh Komal, Madhyam Teevra. Rest all Shuddha Swaras.",Sampurna - Sampurna Vakra,Marwa,Shadj - Pancham,G; M; P; N; - S'; N; P; G; r;,",N r G M P M r G r S; M D P; M D N S';",TRUE,TRUE,FALSE,FALSE,TRUE,FALSE,TRUE,TRUE,FALSE,TRUE,FALSE,TRUE
Poorvi,https://tanarang.com/wordpress/raag-poorvi/,4th Prahar of the Day (3PM to 6PM),S r G M P d N S' - S' N d P ; M G m G r S,,Rishabh and Dhaivat Komal. Both Madhyams. Rest all Shuddha Swaras.,Sampurna - Sampurna Vakra,Poorvi,Gandhar - Nishad,S; G; P; N; - S'; P; G;,S r G ; M G m G ; M d P ; N d P ; G M P ; M G m G r S ;,TRUE,TRUE,FALSE,FALSE,TRUE,TRUE,TRUE,TRUE,TRUE,FALSE,FALSE,TRUE
Rageshree,https://tanarang.com/wordpress/raag-rageshree/,2nd Prahar of the Night (9PM to 12AM),S G m D n S' - S' n D m G m R S,,Rishabh and Pancham Varjya in Aaroh. Pancham Varjya in Avroh. Nishad Komal. Rest all Shuddha Swaras.,Audhav - Shadhav,Khamaj,Gandhar - Nishad,G; m; D;,",n ,D ,n S ; G m R S ; G m D n D m ; G m R S;",TRUE,FALSE,TRUE,FALSE,TRUE,TRUE,FALSE,FALSE,FALSE,TRUE,TRUE,FALSE
Ramdasi Malhar,https://tanarang.com/wordpress/raag-ramdasi-malhar/,Anytime in Rainy season.,",N S R G m ; P G m , R P ; m P D N S' - S' n D n P ; D P m G m ; P g g m R S",,"Both Gandhars, Both Nishads. Rest all Shuddha Swaras.",Sampurna - Sampurna Vakra,Kafi,Madhyam - Shadj,S; m; P;,S R G m ; m R P ; P G m ; P g g m R S ;,TRUE,FALSE,TRUE,TRUE,TRUE,TRUE,FALSE,TRUE,FALSE,TRUE,TRUE,TRUE
Ramkali,https://tanarang.com/wordpress/raag-ramkali/,1st Prahar of the Day (6AM to 9AM),S r G m P d N S' - S' N d P ; M P d n d P ; M P G m r S,,"Rishabh and Dhaivat Komal. Both Madhyams, Both Nishads. Rest all Shuddha Swaras.",Sampurna - Sampurna Vakra,Bhairav,Pancham - Shadj,S; P; - S'; P; r;,M P d n d P ; M P G m r S ;,TRUE,TRUE,FALSE,FALSE,TRUE,TRUE,TRUE,TRUE,TRUE,FALSE,TRUE,TRUE
Saalag Varali,https://tanarang.com/wordpress/raag-saalag-varali/,2nd Prahar of the Day (9AM to 12PM),S r g P D n S' - S' n D P g r S,,"Madhyam Varjya. Rishabh, Gandhar and Nishad Komal. Rest all Shuddha Swaras.",Shadhav - Shadhav,Todi,Pancham - Shadj,S; g; P;,g P D n D P ; D n D S' ; S' n D P ; D n D P ; r g r S ;,TRUE,TRUE,FALSE,TRUE,FALSE,FALSE,FALSE,TRUE,FALSE,TRUE,TRUE,FALSE
Sarang (Brindavani Sarang),https://tanarang.com/wordpress/raag-sarang-raag-brindavani-sarang/,2nd Prahar of the Day (9AM to 12PM) or Afternoon,"S R m P N S' - S' n P m R S ,N S",,Gandhar and Dhaivat Varjya. Both Nishads. Rest all Shuddha Swaras.,Audhav - Audhav,Kafi,Rishabh - Pancham,S; R; P; N; - S'; P; R;,"R m ; P R ; m R ,N S ; m P n P m R ,N S ;",TRUE,FALSE,TRUE,FALSE,FALSE,TRUE,FALSE,TRUE,FALSE,FALSE,TRUE,TRUE
Saraswati,https://tanarang.com/wordpress/raag-saraswati/,2nd Prahar of the Night (9PM to 12AM),"S R M P D S' - S' n D P M P M R S ,n ,D S",,"Gandhar and Nishad Varjya in Aaroh. Gandhar Varjya in Avroh. Madhyam Teevra, Nishad Komal. Rest all Shuddha Swaras.",Audhav - Shadhav,Kalyan,Pancham - Rishabh,R; P; S'; - D; P; R;,R M P D n D ; P M D P ; M R M P ; D S' n D;,TRUE,FALSE,TRUE,FALSE,FALSE,FALSE,TRUE,TRUE,FALSE,TRUE,TRUE,FALSE
Saraswati Kedar,https://tanarang.com/wordpress/raag-saraswati-kedar/,2nd Prahar of the Night (9PM to 12AM),S R M P D S' - S' n D P ; M P D P ; M m R S,,"Gandhar and Dhaivat Varjya in Aaroh. Both Madhyams, both Nishads.  Rest all Shuddha Swaras.",Audhav - Shadhav Vakra,Kalyan,Madhyam - Shadj,S M P D - S' P m R;,"R M P D P ; M P m R S ; M P D n D P D S'; S' n D P M m R ; S ,n ,D S;",TRUE,FALSE,TRUE,FALSE,FALSE,TRUE,TRUE,TRUE,FALSE,TRUE,TRUE,FALSE
Shahana Kanada,https://tanarang.com/wordpress/raag-shahana-kanada/,3rd Prahar of the Night (12AM to 3AM),",n S ; R g m P ; m g m ; D n P ; m P D n S' - S' D n P ; m P g m R S",,Gandhar and Nishad Komal. Rest all Shuddha Swaras.,Sampurna - Sampurna Vakra,Kafi,Pancham - Shadj,S; P; D; - S'; D; P; R;,P m g m D ; D n P ; S' D n P ; D m P g m R S;,TRUE,FALSE,TRUE,TRUE,FALSE,TRUE,FALSE,TRUE,FALSE,TRUE,TRUE,FALSE
Shankara,https://tanarang.com/wordpress/raag-shankara/,2nd Prahar of the Night (9PM to 12AM),S G P N D S' - S' N P G ; P D P G ; P RG RS,,Rishabh and Madhyam Varjya in Aaroh.  Madhyam Varjya in Avroh. All Shuddha Swaras.,Audhav - Shadhav Vakra,Bilawal,Gandhar - Nishad,S; G; P; N; - N; P; G; S;,G P N D S' N ; D P G P ; RG RS ;,TRUE,FALSE,TRUE,FALSE,TRUE,FALSE,FALSE,TRUE,FALSE,TRUE,FALSE,TRUE
Shivranjani,https://tanarang.com/wordpress/raag-shivranjani/,2nd Prahar of the Night (9PM to 12AM) or Midnight,"S R g P D S' - S' D P g R S; R ,D S",,Madhyam and Nishad Varjya. Gandhar Komal. Rest all Shuddha Swaras.,Audhav - Audhav,Kafi,Pancham - Shadj,P; S'; - S'; P;,R g P ; D P g R ; g S R D S ;,TRUE,FALSE,TRUE,TRUE,FALSE,FALSE,FALSE,TRUE,FALSE,TRUE,FALSE,FALSE
Shobhawari,https://tanarang.com/wordpress/raag-shobhawari/,2nd Prahar of the Day (9AM to 12PM),"S R m P d S' - S' d P m R S ; ,d S",,Gandhar and Nishad Varjya. Dhaivat Komal. Rest all Shuddha Swaras.,Audhav - Audhav,Asawari,Dhaivat - Rishabh,S; m; P; - S'; P; m;,R m P ; d P m R m ; P d P m R S ;,TRUE,FALSE,TRUE,FALSE,FALSE,TRUE,FALSE,TRUE,TRUE,FALSE,FALSE,FALSE
Shree,https://tanarang.com/wordpress/raag-shree/,4th Prahar of the Day (3PM to 6PM),S r M P N S' - S' r' N d P M P d M G r S,,"Gandhar, Dhaivat Varjya in Aaroh. Rishabh, Dhaivat Komal, Madhyam Teevra. Rest all Shuddha Swaras.",Audhav - Sampurna Vakra,Poorvi,Rishabh - Pancham,S; r; P; - P; r; S;,"S ,N r ; r r P ; M Pd M G r G r S ; M P N S' r' ; r' N d P ; M d M G r ; G r S ;",TRUE,TRUE,FALSE,FALSE,TRUE,FALSE,TRUE,TRUE,TRUE,FALSE,FALSE,TRUE
Shuddha Kalyan,https://tanarang.com/wordpress/raag-shuddha-kalyan-2/,1st Prahar of the Night (6PM to 9PM),S R G P D S' - S' N D P M G R S ; G R G P R S,,Madhyam and Nishad Varjya in Aaroh. Madhyam Teevra in Avroh. Rest all Shuddha Swaras.,Audhav - Sampurna Vakra,Kalyan,Gandhar - Dhaivat,S; G; P; - P; G; S;,"G R G ; R S ; ,N ,D ,P ; G R S ; G R G ; P R S ;",TRUE,FALSE,TRUE,FALSE,TRUE,FALSE,TRUE,TRUE,FALSE,TRUE,FALSE,TRUE
Shuddha Sarang,https://tanarang.com/wordpress/raag-shuddha-sarang/,2nd Prahar of the Day (9AM to 12PM),",N S R M P N S' - S' N D P M P M m R S ,N S",,Gandhar Varjya. Both Madhyams. Rest all Shuddha Swaras.,Shadhav - Shadhav,Kalyan,Rishabh - Pancham,",N; R; P; N; - S'; N; P; R;",",N S R M M P ; M P M m R ; R ,N ,N S ; ,N ,D S ,N R S ;",TRUE,FALSE,TRUE,FALSE,FALSE,TRUE,TRUE,TRUE,FALSE,TRUE,FALSE,TRUE
Shyam Kalyan,https://tanarang.com/wordpress/raag-shyam-kalyan/,1st Prahar of the Night (6PM to 9PM),",N S R M P N S'; - S' N D P M P D P G m P G m R S ,N S;",,Dhaivat Varjya in Aaroh. Both Madhyams. Rest all Shuddha Swaras.,Shadhav - Sampurna Vakra,Kalyan,Pancham - Shadj,S; R; P; N; - S'; N; P; R;,"S R ,N S (m)R ; R M M P ; P G m R ; M P ; G m P ; G m R ; ,N S R S;",TRUE,FALSE,TRUE,FALSE,TRUE,TRUE,TRUE,TRUE,FALSE,TRUE,FALSE,TRUE
Sindhura,https://tanarang.com/wordpress/raag-sindhura/,4th Prahar of the Day (3PM to 6PM),S R m P D S'; - S' n D P m g R m g R S;,,Gandhar and Nishad Varjya in Aaroh. Gandhar and Nishad Komal in Avroh. Rest all Shuddha Swaras.,Audhav - Sampurna,Kafi,Shadj - Pancham,S; P; D; - S'; D; P; g;,R m P D ; n D P S' ; R' g' R' S' ; n D P m g R ; m g R S;,TRUE,FALSE,TRUE,TRUE,FALSE,TRUE,FALSE,TRUE,FALSE,TRUE,TRUE,FALSE
Sohani,https://tanarang.com/wordpress/raag-sohani/,4th Prahar of the Night (3AM to 6AM),S G M D N S'; - S' N D N D M G r S ;,,"Rishabh and Pancham Varjya in Aaroh. Pancham Varjya in Avroh. Rishabh Komal, Madhyam Teevra. Rest all Shuddha Swaras.",Audhav - Shadhav Vakra,Marwa,Dhaivat - Gandhar,G; D; - D; G;,M D N S' r' S' ; N D N D ; S' r' S' r' N S' N D G M G ;,TRUE,TRUE,FALSE,FALSE,TRUE,FALSE,TRUE,FALSE,FALSE,TRUE,FALSE,TRUE
Suha Sughrai,https://tanarang.com/wordpress/raag-suha-sughrai/,2nd Prahar of the Day (9AM to 12PM),",n S ; (m)g (m)g m ; P n P ; P n m P S'; (Suha) or ,n S R m P ; P n P n S' ; (Sughrai) - S' P n P m P (m)g m R S ; (Suha) or S' n P m R S R (m)g m R S ; (Sughrai)",,"Dhaivat Varjya. Gandhar, Nishad Komal. Rest all Shuddha Swaras.",Shadhav - Shadhav,Kafi,Pancham - Shadj,S; g ; m ; P ;,P n m P S' ; n n P m R S R (m)g ; g m R S ;,TRUE,TRUE,TRUE,TRUE,FALSE,TRUE,FALSE,TRUE,FALSE,FALSE,TRUE,FALSE
Sundarkali,https://tanarang.com/wordpress/raag-sundarkali/,2nd Prahar of the Day (9AM to 12PM),S r G P n S'; - S' n P G ; P G r S ;,,Madhyam and Dhaivat Varjya. Rishabh and Nishad Komal. Rest all Shuddha Swaras.,Audhav - Audhav,Not Defined,-,S; G; n; - n; P; G ;,"S r G P n P ; G P n ; P G r S ; r S ,n S r S;",TRUE,TRUE,FALSE,FALSE,TRUE,FALSE,FALSE,TRUE,FALSE,FALSE,TRUE,FALSE
Sundarkauns,https://tanarang.com/wordpress/raag-sundarkauns/,2nd Prahar of the Night (9PM to 12AM),"S g m D n S'; - S' n D m g m g S ,n S;",,Rishabh and Pancham Varjya. Gandhar and Nishad Komal. Rest all Shuddha Swaras.,Audhav - Audhav,Kafi,Madhyam - Shadj,S; m; D; - S'; D; m;,",n ,n ,D ; ,D ,n S ; g m g S ; g m D ; n D ; m D n S'; S' D n D m g S;",TRUE,FALSE,FALSE,TRUE,FALSE,TRUE,FALSE,FALSE,FALSE,TRUE,TRUE,FALSE
Surdasi Malhar,https://tanarang.com/wordpress/raag-surdasi-malhar/,Anytime in Rainy Season,"S R m P N S'; - S' n D P ; m D P ; n D P m R ; ,N S;",,Gandhar and Dhaivat Varjya in Aaroh. Gandhar Varjya in Avroh. Both Nishads. Rest all Shuddha Swaras.,Audhav - Shadhav Vakra,Kafi,Madhyam - Shadj,S; R; m; P; - S'; P; m; R;,"m R ,N S ; S' ; n D m P n D P ; m R P m D P ; m R ,N S ;",TRUE,FALSE,TRUE,FALSE,FALSE,TRUE,FALSE,TRUE,FALSE,TRUE,TRUE,TRUE
Tilak Kamod,https://tanarang.com/wordpress/raag-tilak-kamod/,2nd Prahar of the Night (9PM to 12AM),",P ,N S R G S ; S R m P N S’ - S’ P D m G S R G S ,N ,P ,N S R G S",,Gandhar and Dhaivat Varjya in Aaroh. Rare use of Komal Nishad in Avroh. Rest all Shuddha Swaras.,Audhav - Sampurna Vakra,Khamaj,Shadj - Pancham,",N P S' - S' G S;",",P ,N S R G S ; R P m G ; S R G S ,N ; S R m P S’ ; S’ R’ G’ S’ ; S’ P D m G ; S R m G ; S R G S ,N ;",TRUE,FALSE,TRUE,FALSE,TRUE,TRUE,FALSE,TRUE,FALSE,TRUE,FALSE,TRUE
Tilang,https://tanarang.com/wordpress/raag-tilang/,2nd Prahar of the Night (9PM to 12AM),S G m P N S'; - S' n P m G S;,,Rishabh and Dhaivat Varjya. Both Nishads. Rest all Shuddha Swaras.,Audhav - Audhav,Khamaj,Gandhar - Nishad,S; G; P; N; - S; P; G; S;,G m P n P m G ; n P G m G ;,TRUE,FALSE,FALSE,FALSE,TRUE,TRUE,FALSE,TRUE,FALSE,FALSE,TRUE,TRUE
Tilang Bahar,https://tanarang.com/wordpress/raag-tilang-bahar/,2nd Prahar of the Night (9PM to 12AM),S R S m ; G m P n P ; m D N S'; - S' n P m g m R S;,,"Rishabh Varjya in Aaroh. Both Gandhars, both Nishads. Rest all Shuddha Swaras.",Shadhav - Sampurna Vakra,Khamaj (when Tilang is dominant) or Kafi (when Bahar is dominant),Gandhar (Tilang) or Madhyam (Bahar) - Nishad (Tilang) or Shadj (Bahar),S m P - S' P m G;,m P m g ; m ; n P m ; P N S' ; g m P m g m R S;,TRUE,FALSE,TRUE,TRUE,TRUE,TRUE,FALSE,TRUE,FALSE,TRUE,TRUE,TRUE
Todi,https://tanarang.com/wordpress/raag-todi/,2nd Prahar of the Day (9AM to 12PM),S r g M P d N S' - S' N d P M g r S,,"Rishabh, Gandhar and Dhaivat Komal. Madhyam Teevra. Rest all Shuddha Swaras.",Sampurna - Sampurna,Todi,Dhaivat - Gandhar,S; g; d; - d; g; S;,",d ; ,N S r g ; M r g ; r S;",TRUE,TRUE,FALSE,TRUE,FALSE,FALSE,TRUE,TRUE,TRUE,FALSE,FALSE,TRUE
Vachaspati,https://tanarang.com/wordpress/raag-vachaspati/,4th Prahar of the Day (3PM to 6PM),"S G M P n S' - S' n D P M G R S ,n S",,Rishabh and Dhaivat Varjya in Aaroh. Nishad Komal. Madhyam Teevra. Rest all Shuddha Swaras.,Audhav - Sampurna,Not Defined,Shadj - Pancham,G; P; n; - D; P; G; R;,",n S G M ; P D P ; M G R S ; R ,n S ; M G R S ;",TRUE,FALSE,TRUE,FALSE,TRUE,FALSE,TRUE,TRUE,FALSE,TRUE,TRUE,FALSE
Vibhas,https://tanarang.com/wordpress/raag-vibhas/,1st Prahar of the Day (6AM to 9AM),S r G P d S' - S' d P G r S,,Madhyam and Nishad Varjya. Rishabh and Dhaivat Komal. Rest all Shuddha Swaras.,Audhav - Audhav,Bhairav,Dhaivat - Rishabh,r; P; d;,P d d P ; G P G r S ;,TRUE,TRUE,FALSE,FALSE,TRUE,FALSE,FALSE,TRUE,TRUE,FALSE,FALSE,FALSE
Yaman,https://tanarang.com/wordpress/raag-yaman/,1st Prahar of the Night (6PM to 9PM),",N R S - N R G M P D N S' - S' N D P M G R S ,N R S",,Madhyam Teevra. Rest all Shuddha Swaras.,Sampurna - Sampurna,Kalyan,Gandhar - Nishad,S; G; N; - S'; N; P; G;,",N R G ; ,N R M G ; M P ; M D P N D P M R G R ; ,N R ,D ,N S;",TRUE,FALSE,TRUE,FALSE,TRUE,FALSE,TRUE,TRUE,FALSE,TRUE,FALSE,TRUE
